,security_type,symbol,name,primary_exchange,currency,sector
sec-s-d14480bbe68b4306836bbf9c24dd8a55,exchange_traded_fund,PALL,Aberdeen Standard Physical Palladium Shares ETF,NYSE,USD,Fractional Trading
sec-s-112d377048b542ccb4fd3d5b63372268,exchange_traded_fund,SIVR,Aberdeen Standard Physical Silver Shares ETF,NYSE,USD,
sec-s-9025930a735148368190bf11afc47fbf,exchange_traded_fund,SGOL,Aberdeen Standard Physical Gold Shares ETF,NYSE,USD,
sec-s-8e3382cecd88419ead32137c58e05db3,exchange_traded_fund,PPLT,Aberdeen Stndard Platinum ETF Trust - Physcl Platm Shares,NYSE,USD,
sec-s-5fb9a91a50dd4726b87126db5f999a3c,exchange_traded_fund,GLTR,Aberdeen Standard Physical Precious Metals Basket Shares ETF,NYSE,USD,
sec-s-c0730cba1c9c464083c808aac56fef54,exchange_traded_fund,SPEM,SSgA Active Trust - SPDR Portfolio Emerging Markets ETF,NYSE,USD,ETFs
sec-s-c075e43bdade404d9b8a154e1bd53961,exchange_traded_fund,GWX,SSgA Active Trust - SSgA SPDR S&P International Small Cap ETF,NYSE,USD,ETFs
sec-s-290251f19cd44af290e394591116803b,exchange_traded_fund,BOND,Pimco ETF  - Active Bond ETF,NYSE,USD,ETFs
sec-s-91f6fccce5a14e8f9b1c0bb59dfa1f50,exchange_traded_fund,CRBN,BTC iShares MSCI ACWI Low Carbon Target ETF,NYSE,USD,ETFs
sec-s-50921359f33b4ef8ab39c8d569b98211,exchange_traded_fund,EWX,SSgA Active Trust - SSgA SPDR S&P Emerging Markets Small Cap ETF,NYSE,USD,ETFs
sec-s-53423a6719bb48bb98c695b0fdcd3b62,exchange_traded_fund,GII,SSgA Active Trust - SSgA SPDR S&P Global Infrastructure ETF,NYSE,USD,ETFs
sec-s-17ee2dc267e74b0a901445469ba3c93f,exchange_traded_fund,PSIL,AdvisorShares Psychedelics ETF,NYSE,USD,
sec-s-33f83e64f3434b80b2507031f60b5808,exchange_traded_fund,HDGE,Advisorshares Trust - Ranger Equity Be,NYSE,USD,
sec-s-9aee7163bd84463b9c718be1628f57b8,exchange_traded_fund,MSOS,AdvisorShares Pure US Cannabis ETF,NYSE,USD,
sec-s-4a56ddb0176f4d8ab3d890985ff97a33,exchange_traded_fund,VIOO,Vanguard Admiral F - Small-Cap 600 Index,NYSE,USD,"Fractional Trading, ETFs"
sec-s-6df0ff0d523e4decb6f25447d78774da,exchange_traded_fund,YOLO,AdvisorShares Pure Cannabis ETF,NYSE,USD,
sec-s-3a09874be0574b55a3e9fee6dab3da2d,exchange_traded_fund,PPA,Invesco Aerospace & Defense ETF,NYSE,USD,
sec-s-934ebd4ef0854c3db608a249cc0fc642,exchange_traded_fund,XAR,SSGA SPDR S&P Aerospace & Defense ETF,NYSE,USD,ETFs
sec-s-b172884597b1442abf4e93089a680f1d,exchange_traded_fund,DFEN,Direxion Daily Aerospace & Defense Bull 3X Shares,NYSE,USD,
sec-s-9a966131c3f946098361dd5d97e14988,exchange_traded_fund,AFK,VanEck Vectors Africa Index ETF,NYSE,USD,ETFs
sec-s-f32db9db088243e39690982c1e2cfc82,exchange_traded_fund,EZA,BTC iShares MSCI South Africa ETF,NYSE,USD,ETFs
sec-s-ab4b2670b4c7495583ffca64d6f4b0b4,exchange_traded_fund,AGG,BTC iShares Core U.S. Aggregate Bond ETF,NYSE,USD,"Fractional Trading, ETFs"
sec-s-9b051f8935ae42c184d8bd263659295e,exchange_traded_fund,AGZ,iShares Trust - Agency Bond ETF,NYSE,USD,ETFs
sec-s-7be51ab30ebc465da1ef67495ed3d3b6,exchange_traded_fund,AGQ,Proshares Trust Ii - Ultra Silver,NYSE,USD,ETFs
sec-s-aad2a0fb4e524b4f8469b6fe1ccbe97f,exchange_traded_fund,TAGS,Teucrium Agricultural Fund,NYSE,USD,ETFs
sec-s-28b77b54d97d425baf17180097a088e5,exchange_traded_fund,DBA,Invesco DB Agriculture Fund,NYSE,USD,
sec-s-7b0024e3a12a40d1ba94d136fc11c27c,exchange_traded_fund,SPAB,SPDR Portfolio Aggregate Bond ETF,NYSE,USD,ETFs
sec-s-274ea98a9d2f4d4da049936314a72c5d,exchange_traded_fund,VEGI,iShares MSCI Global Agriculture Producers ETF,NYSE,USD,
sec-s-48722aa76e794b1baa3fa5a6565886c1,exchange_traded_fund,SCHZ,CSIM Schwab US Aggregate Bond ETF,NYSE,USD,ETFs
sec-s-98d2e9debd5f404aae9942b729be7643,exchange_traded_fund,MOO,VanEck ETF Trust - Vaneck Agribusiness ETF,NYSE,USD,ETFs
sec-s-d27d0a0144eb4f279011b1ad900844b5,exchange_traded_fund,AOA,BTC iShares Core Aggressive Allocation ETF,NYSE,USD,ETFs
sec-s-146e2beb5f304d4882f66b092ef60817,exchange_traded_fund,AIVL,WisdomTree U.S. AI Enhanced Value Fund,NYSE,USD,ETFs
sec-s-1b833e8355a24c2aa2ba5fa48e34064e,exchange_traded_fund,AIVI,WisdomTree International AI Enhanced Value Fund,NYSE,USD,ETFs
sec-s-8148cb20ff164ab1837b78adfd124f2a,exchange_traded_fund,HDIV,QRAFT AI-Enhanced U.S. High Dividend ETF,NYSE,USD,
sec-s-6d5584c2a3824856b41ff336d4c473c1,exchange_traded_fund,AIEQ,ETF Managers - A.I. Powered Equity,NYSE,USD,ETFs
sec-s-e1fef60edf064c3193d2042e49a05366,exchange_traded_fund,TRYP,Tidal ETF Trust - Sonicshares Airlines Hotels Cruise Lines ETF,NYSE,USD,
sec-s-5d86999dcedd4fe4b6a8df4d9935ca35,exchange_traded_fund,FXO,First Trust Financials AlphaDEX Fund,NYSE,USD,ETFs
sec-s-6b792c0d4e084158bf4c324d887b1fc9,exchange_traded_fund,FXN,First Trust Energy AlphaDEX Fund,NYSE,USD,ETFs
sec-s-9f841837bb8544fcb8b8465c27dd8ae8,exchange_traded_fund,AOR,BTC iShares Core Growth Allocation ETF,NYSE,USD,ETFs
sec-s-d638c0d5292f4001a1ef4cb05801bd00,exchange_traded_fund,AMTD,AMTD IDEA Group,NYSE,USD,Finance
sec-s-20fddf307c3e4a03a99c8a83c1220058,exchange_traded_fund,AMZA,Etfis InfraCap MLP ETF,NYSE,USD,
sec-s-386a431f84e04eb884f21bff1b3cfde0,exchange_traded_fund,AMLP,ALPS Alerian MLP ETF,NYSE,USD,
sec-s-65ee7909bb954898822d355008200032,exchange_traded_fund,PWZ,Invesco Exchange Traded Fund Trust II - Calif Amt Municipal,NYSE,USD,
sec-s-001872ee318c446098bc6b47252cbbf0,exchange_traded_fund,KFVG,KraneShares CICC China 5G and Semiconductor Index ETF,NYSE,USD,
sec-s-67bbfa45d8554b7ea182d97f1a62f2c8,exchange_traded_fund,PEJ,Invesco Dynamic Leisure and Entertainment ETF,NYSE,USD,
sec-s-16c0e07838234315925af66f67e29284,exchange_traded_fund,XES,SSgA SPDR Oil & Gas Equipment and Services,NYSE,USD,
sec-s-ecf61c8aa4cf46f699022d2a0c417c6c,exchange_traded_fund,EMQQ,ETCT EMQQ The Emerging Markets Internet and Ecommerce ETF,NYSE,USD,ETFs
sec-s-2a02488906994db5ab1aea46ec0ce723,exchange_traded_fund,XOP,SSgA SPDR Oil & Gas Exploration and Production,NYSE,USD,Fractional Trading
sec-s-2bb2394d0ec14e2f8c8bb02f236be24b,exchange_traded_fund,ROBO,ETCT ROBO Global Robotics and Automation Index ETF,NYSE,USD,ETFs
sec-s-9aa9e1c8f9804adcb918b3b197cf61a7,exchange_traded_fund,IDRV,iShares Self-Driving EV and Tech ETF,NYSE,USD,
sec-s-8b6eaf9d5e65438a8aa795ea2d99b9cc,exchange_traded_fund,VIG,Vanguard Dividend Appreciation FTF,NYSE,USD,"Fractional Trading, ETFs"
sec-s-241667f5f203483baab6a88a3efb0c6f,exchange_traded_fund,ARGT,Global X MSCI Argentina ETF,NYSE,USD,ETFs
sec-s-05af5338c9fa44968f8138d811e67ed3,exchange_traded_fund,ARKK,ARK Investment Management LLC - ARK Innovation ETF,NYSE,USD,"Fractional Trading, ETFs"
sec-s-01e83f63e58b49d0bbab217e7ff6b15c,exchange_traded_fund,ARKW,ARK Investment Mgmt LLC - ARK Next Gen Internet ETF,NYSE,USD,Fractional Trading
sec-s-22a841fd4cfe4881b2d6bc9d6e8fd9fc,exchange_traded_fund,ARKF,ARK Fintech Innovation ETF,NYSE,USD,
sec-s-8ef313fb4c1e4509ac861d7afeb010ad,exchange_traded_fund,THNQ,ROBO Global Artificial Intelligence ETF,NYSE,USD,
sec-s-b71a908583424b30837eb16dbd4dba7a,exchange_traded_fund,FBT,First Trust NYSE Arca Biotechnology Index Fund,NYSE,USD,ETFs
sec-s-a72b2dd5eecf42b6ad6c83e0983bceb2,exchange_traded_fund,ASHR,DBX ETF Trust - Xtrack Hrvst Csi,NYSE,USD,ETFs
sec-s-ae31e13b04144c05ac5dceacdb690cae,exchange_traded_fund,CVY,Invesco Exchange Traded Fd  - Zacks Mult Asset,NYSE,USD,
sec-s-624a7ea2897d4ccc9e23e9df57189e8e,exchange_traded_fund,NMAI,Nuveen Multi-Asset Income Fund,NYSE,USD,
sec-s-2041b2a21cfe498298dbc1fe4e4a373a,exchange_traded_fund,EWA,iShares Inc. - MSCI Australia ETF,NYSE,USD,ETFs
sec-s-251706f5c3384232a6a4cd37d24aebca,exchange_traded_fund,EWO,iShares MSCI Austria ETF,NYSE,USD,ETFs
sec-s-d546ee0a2426495e9d807440801e3ce2,exchange_traded_fund,FXA,Invesco CurrencyShares Australian Dollar Trust,NYSE,USD,
sec-s-2e93d46e9f764b219df640ec0218f31d,exchange_traded_fund,AVUV,Avantis U.S. Small Cap Value ETF,NYSE,USD,
sec-s-f5a6a886a8f149b091f9157f19bc3a29,exchange_traded_fund,AWAY,ETFMG Travel Tech ETF,NYSE,USD,
sec-s-834c90723c7946a08b06a8e241f3b1af,exchange_traded_fund,CHGX,Investment Managers Series Trust Ii - Axs Change Finance ESG ETF,NYSE,USD,
sec-s-c525d98ea88648868a14d7e73ce66236,exchange_traded_fund,BAB,Invesco Taxable Municipal Bond ETF,NYSE,USD,ETFs
sec-s-a87d36b5844a48fdbb5e27f524098dc7,exchange_traded_fund,BAR,GraniteShares Gold Shares,NYSE,USD,
sec-s-0d40d5d8987d4c4991c9823a9d3f364e,exchange_traded_fund,KBE,SPDR Series Trust - S&p Bank ETF,NYSE,USD,ETFs
sec-s-a3bf52d32bc745398d6dabd9d4f82605,exchange_traded_fund,LIT,Global X Lithium & Battery Tech ETF,NYSE,USD,ETFs
sec-s-a419e2a3b4954e6b8d103e63aecd717e,exchange_traded_fund,JNK,SPDR Bloomberg Barclays High Yield Bond ETF,NYSE,USD,"Fractional Trading, ETFs"
sec-s-e52180d93a2f40ac8ff6e41724dcaccf,exchange_traded_fund,BETZ,Roundhill Sports Betting & iGaming ETF,NYSE,USD,
sec-s-ac135ca3b70242f5882e7903a7938e3b,exchange_traded_fund,PBJ,Invesco Dynamic Food & Beverage ETF,NYSE,USD,
sec-s-a58131e3fa8947f195875908263dff3a,exchange_traded_fund,TMV,Direxion Daily 20+ Year Treasury Bear 3X Shares,NYSE,USD,
sec-s-9d2e6f5a8a974ca5a918fb3f9ece8572,exchange_traded_fund,TZA,Direxion Daily Small Cap Bear 3X Shares,NYSE,USD,
sec-s-7833dfdc5ce945fb8fcb45fa0a5c91e8,exchange_traded_fund,UDN,Invesco DB US Dollar Index Bearish Fund,NYSE,USD,
sec-s-c913878ab23e43c18c3890ae127cb196,exchange_traded_fund,YANG,Direxion Daily FTSE China Bear 3X Shares,NYSE,USD,ETFs
sec-s-5ece95e6bad7473f90662e71e31ef3f2,exchange_traded_fund,SPHB,Invesco Capital Management LLC - Invesco S&P 500 High Beta ETF,NYSE,USD,
sec-s-589943b3e46b4bb090971b58c249e6ee,exchange_traded_fund,ERY,Direxion Daily Energy Bear 2X Shares,NYSE,USD,ETFs
sec-s-4ae12b15927a40059c11abf0b3dfc59c,exchange_traded_fund,CHAD,Direxion Daily CSI 300 China A Share Bear 1X Shares,NYSE,USD,ETFs
sec-s-560fdec93bd64468b60e0eb330f1f740,exchange_traded_fund,BITO,ProShares Bitcoin Strategy ETF,NYSE,USD,
sec-s-84482603d1fd44eb906572c469f623ce,exchange_traded_fund,BIL,SPDR Bloomberg Barclays 1-3 Month T-Bill ETF,NYSE,USD,"Fractional Trading, ETFs"
sec-s-76e7d21df7d140ccb1366a5c6542b3a8,exchange_traded_fund,BITQ,Exchange Traded Concepts Trust - Bitwise Crypto Industry Innovators ETF,NYSE,USD,
sec-s-a3910e1c6b55494d94f6dd04b82dc517,exchange_traded_fund,BIV,"Vanguard Group, Inc. - Vanguard Intermediate-Term Bond ETF",NYSE,USD,ETFs
sec-s-c2abbb1f25044d899e6bcbce5c4359a3,exchange_traded_fund,NERD,Listed Fund Trust - Roundhill Bitk,NYSE,USD,
sec-s-b99740cb38c84cb3924929a08ff2978e,exchange_traded_fund,BKLN,Invesco Senior Loan ETF,NYSE,USD,ETFs
sec-s-84f3d7b82e8d4c27bf0a6695fef65d56,exchange_traded_fund,BKF,BTC iShares MSCI BRIC ETF,NYSE,USD,ETFs
sec-s-623af865edab4a26847f29b0646e9c83,exchange_traded_fund,BLOK,Amplify Transformational Data Sharing ETF,NYSE,USD,ETFs
sec-s-d06961c989574dc8ab3efb4022c1a9ee,exchange_traded_fund,BLV,Vanguard Long-Term Bond ETF,NYSE,USD,ETFs
sec-s-2bfcc7a7c2e44e04881e223b3a362845,exchange_traded_fund,CWB,SPDR Bloomberg Barclays Convertible Securities ETF,NYSE,USD,ETFs
sec-s-9838bada8ebb411e9dd604f9b2de1775,exchange_traded_fund,TFI,SPDR Nuveen Bloomberg Barclays Municipal Bond ETF,NYSE,USD,ETFs
sec-s-98b4576edbd2478db38f74dfccf27a9a,exchange_traded_fund,BWZ,SPDR Bloomberg Barclays Short Term International Treasury Bond ETF,NYSE,USD,ETFs
sec-s-f2ccd060d02a4a1283b58896c523d1d0,exchange_traded_fund,BNO,ed States Brent Crude Oil Fund,NYSE,USD,ETFs
sec-s-6c221c514a8d4db1876d35af33a140dc,exchange_traded_fund,PHB,Invesco Fundamental High Yield Corporate Bond ETF,NYSE,USD,
sec-s-a829b41355d945cc80d375b1f34dfadd,exchange_traded_fund,KBA,KraneShares Bosera MSCI China A ETF,NYSE,USD,ETFs
sec-s-3e9d99c952cc4202bf2090d67924d897,exchange_traded_fund,CMF,BTC iShares California Muni Bond ETF,NYSE,USD,ETFs
sec-s-2d241a13683a4d8b9f3152793181b530,exchange_traded_fund,BRF,VanEck Vectors Brazil Small-Cap ETF,NYSE,USD,ETFs
sec-s-5bdc18f0721045cc878c4731f8f8a6c7,exchange_traded_fund,TOLZ,ProShares DJ Brookfield Global Infrastructure ETF,NYSE,USD,
sec-s-c3606a89d0fa4e70947fad90f087d05b,exchange_traded_fund,BZQ,ProShares UltraShort MSCI Brazil Capped ETF,NYSE,USD,
sec-s-9fe71174de704f1692316c345a6636e2,exchange_traded_fund,IAI,BTC iShares U.S. Broker-Dealers ETF,NYSE,USD,ETFs
sec-s-1974aef806234df3ad943e1acc29435b,exchange_traded_fund,SCHB,CSIM Schwab U.S. Broad Market ETF,NYSE,USD,
sec-s-74f66bcbe47c4fa6b5d3cd1fcd0ba39b,exchange_traded_fund,FXB,Invesco CurrencyShares British Pound Sterling Trust,NYSE,USD,
sec-s-177ae97f70fe4e8b8f589fea0536aa5f,exchange_traded_fund,BSV,Vanguard Short-Term Bond ETF,NYSE,USD,"Fractional Trading, ETFs"
sec-s-100357a163eb4ee0ad1028bff0ec45f9,exchange_traded_fund,USRT,BTC iShares Core U.S. REIT ETF,NYSE,USD,"Fractional Trading, ETFs"
sec-s-683c8a2e6e5a4bdfb7419667d07d2004,exchange_traded_fund,IWC,BTC iShares Micro-Cap ETF,NYSE,USD,ETFs
sec-s-6add3005c82d4e6199108f4c782e130b,exchange_traded_fund,HDV,BTC iShares Core High Dividend ETF,NYSE,USD,ETFs
sec-s-59a921dbb8d144efa6d20eb78f38ca19,exchange_traded_fund,KXI,BTC iShares Global Consumer Staples ETF,NYSE,USD,ETFs
sec-s-4e488dca196a47f58ab6131e709dafd3,exchange_traded_fund,HEWJ,BTC iShares Currency Hedged MSCI Japan ETF,NYSE,USD,ETFs
sec-s-c4966cafc7c04cd293287066ec2cbccf,exchange_traded_fund,DSI,BTC iShares MSCI KLD 400 Social Index Fund,NYSE,USD,ETFs
sec-s-2edb56ab71c545b4b7db52bc7bf007f8,exchange_traded_fund,MXI,BTC iShares Global Materials ETF,NYSE,USD,ETFs
sec-s-19fb5bd1870048e9bb5753389ba51ec3,exchange_traded_fund,IAK,BTC iShares U.S. Insurance ETF,NYSE,USD,ETFs
sec-s-1cd3568df5434dd89dea25e953debcb5,exchange_traded_fund,EIDO,BTC iShares MSCI Indonesia ETF,NYSE,USD,ETFs
sec-s-8e4bdb4309f7453dbf449bfa40821876,exchange_traded_fund,EWJ,BTC iShares MSCI Japan ETF,NYSE,USD,"Fractional Trading, ETFs"
sec-s-888121fc55fd470286fcac92578fa43a,exchange_traded_fund,IHE,BTC iShares U.S. Pharmaceuticals ETF,NYSE,USD,ETFs
sec-s-7b1a669032e942e0a82352d902f04a26,exchange_traded_fund,IYY,BTC iShares Dow Jones U.S. ETF,NYSE,USD,ETFs
sec-s-80cad3d9baad434db2de802884af58e6,exchange_traded_fund,SHYG,BTC iShares 0-5 Year High Yield Corporate Bond ETF,NYSE,USD,ETFs
sec-s-d22b8427df824663aa327252c55f9c65,exchange_traded_fund,IEUR,BTC iShares Core MSCI Europe ETF,NYSE,USD,ETFs
sec-s-f7263ddeb8db49c4bfc31eac5c9ca953,exchange_traded_fund,DGRO,BTC iShares Core Dividend Growth ETF,NYSE,USD,ETFs
sec-s-e4e7ac661fd14e3196b15278dbde6d99,exchange_traded_fund,IEZ,BTC iShares U.S. Oil Equipment & Services ETF,NYSE,USD,ETFs
sec-s-ea0af942f18f4615b7f550043655e8b6,exchange_traded_fund,IYG,BTC iShares U.S. Financial Services ETF,NYSE,USD,"Fractional Trading, ETFs"
sec-s-eb526b6211b64dfcabe815948d158583,exchange_traded_fund,IJR,BTC iShares Core S&P Small-Cap ETF,NYSE,USD,"Fractional Trading, ETFs"
sec-s-fd27e53c96804b1d96acc7d4f881ec8f,exchange_traded_fund,MUB,BTC iShares National Muni Bond ETF,NYSE,USD,ETFs
sec-s-e7bd4b920b014eeaac99b45a68f45ed1,exchange_traded_fund,IYK,BTC iShares U.S. Consumer Goods ETF,NYSE,USD,"Fractional Trading, ETFs"
sec-s-7c38edc324a14ccb9950afa813d804fc,exchange_traded_fund,EPP,BTC iShares MSCI Pacific ex Japan ETF,NYSE,USD,ETFs
sec-s-ec317b53b7e54ac88ae267a3a62b342c,exchange_traded_fund,EWG,BTC iShares MSCI Germany ETF,NYSE,USD,ETFs
sec-s-f72d63a59e804b698ce93431bfb2c9fc,exchange_traded_fund,EWQ,BTC iShares MSCI France ETF,NYSE,USD,ETFs
sec-s-3978486ebbd046619b46b755c5921392,exchange_traded_fund,IXN,BTC iShares Global Tech ETF,NYSE,USD,ETFs
sec-s-8b2a1bad393e45129311874acb72c49a,exchange_traded_fund,IXC,BTC iShares Global Energy ETF,NYSE,USD,ETFs
sec-s-5a69cf9d765644d79401a775b13847cb,exchange_traded_fund,IVE,BTC iShares S&P 500 Value ETF,NYSE,USD,ETFs
sec-s-50da5f20038f4b87a841d07e82aac1fc,exchange_traded_fund,EFA,BTC iShares MSCI EAFE ETF,NYSE,USD,"Fractional Trading, ETFs"
sec-s-d01fb5588dff406bb395e7e816a1715e,exchange_traded_fund,IWN,BTC iShares Russell 2000 Value ETF,NYSE,USD,ETFs
sec-s-2117a77338e94097919a543ef7d49e12,exchange_traded_fund,JPXN,BTC iShares JPX-Nikkei 400 ETF,NYSE,USD,ETFs
sec-s-14ea9fd146804c1d983bd96aee75ee28,exchange_traded_fund,IWP,BTC iShares Russell Mid-Cap Growth ETF,NYSE,USD,ETFs
sec-s-25900c003f8548cb894ba1ac119e1930,exchange_traded_fund,IGN,BTC iShares North American Tech-Multimedia Networking ETF,NYSE,USD,ETFs
sec-s-269fec634a124c6391922715e7101059,exchange_traded_fund,IOO,BTC iShares Global 100 ETF,NYSE,USD,ETFs
sec-s-a320ebc64c424ea7aaf47d9dc7ecbb2a,exchange_traded_fund,IWF,BTC iShares Russell 1000 Growth ETF,NYSE,USD,"Fractional Trading, ETFs"
sec-s-8570d16b9efb49738bb45b69488243c1,exchange_traded_fund,IDU,BTC iShares U.S. Utilities ETF,NYSE,USD,ETFs
sec-s-1f4c7eff3cc84c97aacee005bf774f00,exchange_traded_fund,TIP,BTC iShares TIPS Bond ETF,NYSE,USD,"Fractional Trading, ETFs"
sec-s-ce8ffb602ed14a47aad563ed06fefa9d,exchange_traded_fund,IVV,BTC iShares Core S&P 500 ETF,NYSE,USD,"Fractional Trading, ETFs"
sec-s-66362c9edb8a4ec5a195df53843f2913,exchange_traded_fund,LQD,BTC iShares iBoxx USD Investment Grade Corporate Bond ETF,NYSE,USD,"Fractional Trading, ETFs"
sec-s-9f230d162e6942cda327cd0c0e9005ba,exchange_traded_fund,EWC,BTC iShares MSCI Canada ETF,NYSE,USD,ETFs
sec-s-66e8a16caab343f28addbde590d59d89,exchange_traded_fund,SCJ,BTC iShares MSCI Japan Small-Cap ETF,NYSE,USD,ETFs
sec-s-255f780a7314410fb4b4c55bceb2d5cb,exchange_traded_fund,FM,BTC iShares MSCI Frontier 100 Fund,NYSE,USD,ETFs
sec-s-68deb9ad32f24569a09bbc16c471c9ae,exchange_traded_fund,BUZZ,VanEck Vectors Social Sentiment ETF,NYSE,USD,
sec-s-0db36398f544495b95a7e13b0809246c,exchange_traded_fund,MIDU,Direxion Daily Mid Cap Bull 3x Shares,NYSE,USD,ETFs
sec-s-07882166dd154f04a0b0df81d21332d4,exchange_traded_fund,FAS,Direxion Shares ETF Trust - Daily Finance Bull,NYSE,USD,ETFs
sec-s-5d3f5aabdafe41bdae7c3bab88256280,exchange_traded_fund,JNUG,Direxion Daily Junior Gold Miners Index Bull 2X Shares,NYSE,USD,
sec-s-56ae98ee1cbb413c84b197e5813b26ca,exchange_traded_fund,ERX,Direxion Daily Energy Bull 2X Shares,NYSE,USD,
sec-s-bdbf9e00eaac4be9a91609eb145bf946,exchange_traded_fund,DRN,Direxion Real Estate Bull 3x Shares,NYSE,USD,ETFs
sec-s-9e51912c9a5a42fb88da35f016b19706,exchange_traded_fund,TMF,Direxion Daily 20+ Year Treasury Bull 3X Shares,NYSE,USD,ETFs
sec-s-a1de70d9c0e84574b41b4bc8830fa52f,exchange_traded_fund,TECL,Direxion Daily Technology Bull 3X Shares,NYSE,USD,ETFs
sec-s-c9d229d464204ac985504b3f613c1a28,exchange_traded_fund,SPXL,Direxion Daily S&P 500 Bull 3X Shares,NYSE,USD,ETFs
sec-s-56e538a5227a4309a60a897a986d904b,exchange_traded_fund,PBP,Invesco S&P 500 BuyWrite ETF,NYSE,USD,
sec-s-c45ce1a944264fb49690923e859cb8cb,exchange_traded_fund,GUSH,Direxion Shares ETF Trust - Direxion Daily S&p Oil & Gas Exp. & Prod. Bull 2X Shares,NYSE,USD,Fractional Trading
sec-s-bda312b7e4a542f6a0113a823c3c948e,exchange_traded_fund,TYD,Direxion Daily 7-10 Year Treasury Bull 3X Shares,NYSE,USD,ETFs
sec-s-4167771fb92e4e239874c3f0eda29532,exchange_traded_fund,SOXL,Direxion Daily Semiconductor Bull 3X Shares,NYSE,USD,"Fractional Trading, ETFs"
sec-s-44321081ae7344a4b86ac0ba7ec9f81b,exchange_traded_fund,TNA,Direxion Dialy Small Cap Bull 3X Shares,NYSE,USD,"Fractional Trading, ETFs"
sec-s-27a7d29dfb37453fa9265d51999fb63b,exchange_traded_fund,NUGT,Direxion Daily Gold Miners Index Bull 2X Shares,NYSE,USD,
sec-s-840f13c00aa14140b6fba66b21abcdee,exchange_traded_fund,EDC,Direxion Daily Emerging Markets Bull 3X Shares,NYSE,USD,ETFs
sec-s-cfe6ad90fae54c6ea571a9892cbef48a,exchange_traded_fund,LABU,Direxion Daily S&P Biotech Bull 3X Shares,NYSE,USD,
sec-s-df6456700a844032a928c49e313e79f9,exchange_traded_fund,UUP,Invesco DB US Dollar Index Bullish Fund,NYSE,USD,
sec-s-eee964e21e6c4519b11049689001013d,exchange_traded_fund,BWX,SPDR Series Trust - Bloomberg International Treasury Bond ETF,NYSE,USD,ETFs
sec-s-2cdecbb2bd544e65845b76cbcdb88692,exchange_traded_fund,CANE,Teucrium Sugar Fund,NYSE,USD,ETFs
sec-s-b52f6f725a0d4fd68ae8f56331a1097f,exchange_traded_fund,CEW,Wisdomtree Trust - Emerging Cur Str Fund,NYSE,USD,ETFs
sec-s-17e8f582ecbf453daf18bef849d88b19,exchange_traded_fund,PCEF,Invesco CEF Income Composite ETF,NYSE,USD,
sec-s-25d1bb10e14e486ea4206817a92c504c,exchange_traded_fund,CGW,Invesco S&P Global Water Index ETF,NYSE,USD,
sec-s-2810a75e6f944bfdb57d95c83c24c98c,exchange_traded_fund,CHIQ,Global X MSCI China Consumer Discretionary ETF,NYSE,USD,ETFs
sec-s-147c2518e88840c4ac9c42d959d789d2,exchange_traded_fund,CHIX,Global X MSCI China Financials ETF,NYSE,USD,ETFs
sec-s-17e487326a4f4cea95fb0579ac5a359c,exchange_traded_fund,KWEB,KraneShares CSI China Internet ETF,NYSE,USD,Fractional Trading
sec-s-8d85aabb149e45ba9906e01d6fbf36f6,exchange_traded_fund,CYB,WisdomTree Chinese Yuan Strategy Fund,NYSE,USD,ETFs
sec-s-a2aa48391560471490460757a9d41806,exchange_traded_fund,FNI,First Trust Exchange Traded Fd - Chindia ETF,NYSE,USD,ETFs
sec-s-032d46d921d24100964660e216ca86b7,exchange_traded_fund,CNRG,SPDR S&P Kensho Clean Power ETF,NYSE,USD,
sec-s-cd89dc786b164a1087859f13932adf18,exchange_traded_fund,CNBS,Amplify Seymour Cannabis ETF,NYSE,USD,
sec-s-1fdfdc5806184f9a98fa080091d452d8,exchange_traded_fund,RXI,iShares Trust - Glb Cns Disc ETF,NYSE,USD,ETFs
sec-s-f5b42f489d2043c8bfcc81b8bc34397a,exchange_traded_fund,SCO,ProShares UltraShort Bloomberg Crude Oil,NYSE,USD,
sec-s-60516d3e659f48ef90b4f7a167650c90,exchange_traded_fund,RIGZ,Viridi Cleaner Energy Crypto-Mining & Semiconductor ETF,NYSE,USD,
sec-s-f92fbec72cba4d30b8cefe090ef9c777,exchange_traded_fund,CSD,Invesco S&P Spin-Off ETF,NYSE,USD,
sec-s-6e44ad18b54b484984ce730c8e7217de,exchange_traded_fund,SCHO,CSIM Schwab Short-Term U.S. Treasury ETF,NYSE,USD,ETFs
sec-s-b6dd1fe665da4121863190959c5039fe,exchange_traded_fund,SCHD,CSIM Schwab US Dividend Equity ETF,NYSE,USD,"Fractional Trading, ETFs"
sec-s-3606b357e0404f5395de4f566d486728,exchange_traded_fund,SCHX,CSIM Schwab U.S. Large-Cap ETF,NYSE,USD,
sec-s-e7c9a100e5bd4c7d9b128d739b440d52,exchange_traded_fund,SCHP,CSIM Schwab U.S. Tips ETF,NYSE,USD,ETFs
sec-s-304bf4c6b5164472830b4b400db855c1,exchange_traded_fund,SCHA,CSIM Schwab U.S. Small-Cap ETF,NYSE,USD,ETFs
sec-s-ec77866ed4d6431fb6016b427aa56d76,exchange_traded_fund,SCHR,CSIM Schwab Intermediate-Term U.S. Treasury ETF,NYSE,USD,
sec-s-36c773170a28470091da9bb3270b43e2,exchange_traded_fund,CUT,Invesco MSCI Global Timber ETF,NYSE,USD,
sec-s-a25d785361844bbbadb0eddf5a2b7e62,exchange_traded_fund,FXC,Invesco CurrencyShares Canadian Dollar Trust,NYSE,USD,
sec-s-af2cf323ee8147f888ad10d49ba4a700,exchange_traded_fund,FXE,Invesco CurrencyShares Euro Trust,NYSE,USD,
sec-s-f53fc737c92f4ae5a8e6416f03f3972d,exchange_traded_fund,DBV,Invesco DB G10 Currency Harvest Fund,NYSE,USD,
sec-s-e990066303ce4ca9af93ed1848a0a7b4,exchange_traded_fund,FXY,Invesco Currency Shares Japanese Yen ,NYSE,USD,
sec-s-19b18283b87346db9530296ced1e9436,exchange_traded_fund,EMLC,VanEck Vectors J.P. Morgan EM Local Currency Bond ETF,NYSE,USD,ETFs
sec-s-61365055f0ba484ba345cc36ab25ca04,exchange_traded_fund,FXF,Invesco CurrencyShares Swiss Franc Trust,NYSE,USD,
sec-s-a5191b6ed2684c13b87adbbe276bfd15,exchange_traded_fund,HEZU,BTC iShares Currency Hedged MSCI EMU ETF,NYSE,USD,ETFs
sec-s-329dfc23c5304937a18d2e357717fffc,exchange_traded_fund,LEMB,iShares J.P. Morgan EM Local Currency Bond ETF,NYSE,USD,ETFs
sec-s-097503df9a14474682024c3d561d6be0,exchange_traded_fund,HACK,ETFMG Prime Cyber Security ETF,NYSE,USD,ETFs
sec-s-54ad44a722ec47b4a11d0c85f97b5035,exchange_traded_fund,CZA,Invesco Zacks Mid-Cap ETF,NYSE,USD,
sec-s-efa7bd9e58e34742b71a4b87579cfbd0,exchange_traded_fund,EDZ,Direxion Shares ETF Trust - Daily MSCI Emerging,NYSE,USD,ETFs
sec-s-35420318d3fe47d1adac872f567d8db0,exchange_traded_fund,JDST,Direxion Daily Junior Gold Miners Index Bear 2X Shares,NYSE,USD,
sec-s-43224c3acac64f7598910e5c6fd4ee74,exchange_traded_fund,DRV,Direxion Daily Real Estate Bear 3X Shares,NYSE,USD,ETFs
sec-s-212f066df4ba4db6a3de4f6b9e34d0b4,exchange_traded_fund,SPXS,Direxion Daily S&P 500 Bear 3X Shares,NYSE,USD,
sec-s-87918f9079d94181a9c40eea1df28a89,exchange_traded_fund,DUST,Direxion Daily Gold Miners Index Bear 2X Shares,NYSE,USD,
sec-s-732345d7c16642fab069249a5f0deb7c,exchange_traded_fund,FAZ,Direxion Shares ETF Trust - Daily Financial Bear,NYSE,USD,
sec-s-789928ad0fdf4e979a588cc598406a4f,exchange_traded_fund,TECS,Direxion Shares ETF Trust - Daily Technology Bear 3X Shares Oct 2021,NYSE,USD,
sec-s-6b071ca2286845708a5c09f1047abf9b,exchange_traded_fund,DBE,Invesco DB Energy Fund,NYSE,USD,
sec-s-a1d3d042752240f79f4ac0bf564d8b60,exchange_traded_fund,DBO,Invesco DB Oil Fund,NYSE,USD,
sec-s-3a6cba89776d414a9fe22ea0471f61e5,exchange_traded_fund,DBS,Invesco DB Silver Fund,NYSE,USD,
sec-s-3a11db93823840e0be720f8db7e359d7,exchange_traded_fund,DBC,DB Commodity Services LLC - Invesco DB Commodity Index Tracking Fund,NYSE,USD,ETFs
sec-s-6adea25d5b334e4ba471db19995c0c77,exchange_traded_fund,DGL,Invesco DB Gold Fund,NYSE,USD,
sec-s-4e7bf99f09d841f39f5016a0af96ec00,exchange_traded_fund,DBP,Invesco DB Precious Metals Fund,NYSE,USD,
sec-s-2b03f9c912c34383bca0d5f408c86659,exchange_traded_fund,DBB,Invesco DB Base Metals Fund,NYSE,USD,
sec-s-382cae2c551a4af8a78a882b6af247c2,exchange_traded_fund,DBEU,Xtrackers MSCI Europe Hedged Equity ETF,NYSE,USD,ETFs
sec-s-10f000a14e5d4493a2804b6f7ed1fafd,exchange_traded_fund,DDM,ProShares Ultra Dow30,NYSE,USD,ETFs
sec-s-5902088db1674da0b2ea81fc6a0383b0,exchange_traded_fund,DDG,ProShares Short Oil & Gas,NYSE,USD,ETFs
sec-s-df8f6a3125fc4789851106d0036d3f87,exchange_traded_fund,DEF,Invesco Defensive Equity ETF,NYSE,USD,
sec-s-498775afacb84a2c94bef1434ea988f4,exchange_traded_fund,DEM,WisdomTree Emerging Markets High Dividend Fund,NYSE,USD,ETFs
sec-s-ec8f9d8c42464de6a62716be6c3e4414,exchange_traded_fund,DES,WisdomTree U.S. SmallCap Dividend Fund,NYSE,USD,ETFs
sec-s-6c6aea84bf784e939562b88c562efe19,exchange_traded_fund,DEW,WisdomTree Global High Dividend Fund,NYSE,USD,ETFs
sec-s-a6a3a63c184e4df98047636257c0869b,exchange_traded_fund,PCY,Invesco Emerging Markets Sovereign Debt ETF,NYSE,USD,
sec-s-e12d9788143a4d41a54c93d7165ebf25,exchange_traded_fund,DFE,WisdomTree Europe SmallCap Dividend Fund,NYSE,USD,ETFs
sec-s-868b6cb66ae74c0095f14e67473126a6,exchange_traded_fund,DFJ,WisdomTree Japan SmallCap Dividend Fund,NYSE,USD,ETFs
sec-s-f4b27d27ccc44a24b9ec8fec9a49a7f5,exchange_traded_fund,DGS,WisdomTree Emerging Markets SmallCap Dividend Fund,NYSE,USD,ETFs
sec-s-b072611c641f4750a8e81db0a028159f,exchange_traded_fund,DGT,SSgA SPDR Global Dow ETF,NYSE,USD,ETFs
sec-s-902d9a89cb774a238cee5807dd7c9f9d,exchange_traded_fund,DHS,WisdomTree U.S. High Dividend Fund,NYSE,USD,ETFs
sec-s-d3b20d0544d34ddc9da069fcb4bfbc25,exchange_traded_fund,DIM,Wisdomtree Trust - International Midcap Dividend,NYSE,USD,ETFs
sec-s-450120c57cf4470bb21129f647b6481e,exchange_traded_fund,DIV,Global X SuperDividend U.S. ETF,NYSE,USD,ETFs
sec-s-6f3ad995da484619aed9edda3ed34dd5,exchange_traded_fund,DIA,SPDR Dow Jones Ind - Ut Series 1,NYSE,USD,"Fractional Trading, ETFs"
sec-s-755f5c494fdd4bbca220dd622e612d39,exchange_traded_fund,DIG,ProShares Ultra Oil & Gas,NYSE,USD,
sec-s-1257d08fc3a94fee8a7617ef7cf3843f,exchange_traded_fund,SDY,SSgA SPDR Dividend ETF,NYSE,USD,ETFs
sec-s-6b7f99b10d084303bdb931b0cdbe37ce,exchange_traded_fund,DON,WisdomTree U.S. MidCap Dividend Fund,NYSE,USD,ETFs
sec-s-6b8359ecd0394413b75a3a7da0a1552c,exchange_traded_fund,VCR,Vanguard Consumer Discretionary ETF,NYSE,USD,"Fractional Trading, ETFs"
sec-s-50ee52c0a27848d0b3cc3ad64dc8fa78,exchange_traded_fund,DTD,WisdomTree U.S. Total Dividend Fund,NYSE,USD,ETFs
sec-s-4905988ad168409697f177e84f710e19,exchange_traded_fund,DLS,WisdomTree International SmallCap Dividend Fund,NYSE,USD,ETFs
sec-s-a7538a664c1b408585f0e9c935e10974,exchange_traded_fund,EDIV,SSgA SPDR S&P Emerging Markets Dividend ETF,NYSE,USD,ETFs
sec-s-a846fb2e1f004ad4b671a5ef9ed03f6e,exchange_traded_fund,FVD,First Trust Value Line Dividend Index Fund,NYSE,USD,ETFs
sec-s-a372608e42f34d70b6dedc1ab44a1f89,exchange_traded_fund,WKLY,Tidal ETF Trust - SoFi Weekly Dividend ETF,NYSE,USD,
sec-s-1e1b0e893bef41be87bc93d353b62dd5,exchange_traded_fund,RCD,Invesco S&P 500 Equal Weight Consumer Discretionary ETF,NYSE,USD,
sec-s-574252ab7a77401bab4ec004d7ba3cd3,exchange_traded_fund,RWR,SPDR DJ Wilshire REIT ETF,NYSE,USD,ETFs
sec-s-5ed1224cac2047c286e7715537875e98,exchange_traded_fund,DLN,WisdomTree U.S. LargeCap Dividend Fund,NYSE,USD,ETFs
sec-s-7147795ef0c84376bff517ab8f2cfaf9,exchange_traded_fund,DOG,ProShares Short Dow30,NYSE,USD,
sec-s-9ff559b72b174c02b6949fb23981d658,exchange_traded_fund,DOL,Wisdomtree Trust - International Lrgcap Dividend,NYSE,USD,ETFs
sec-s-b6e6574efe954a369853b5f6eedfcd7c,exchange_traded_fund,FDM,First Trust Dow Jones Select Microcap Index Fund,NYSE,USD,ETFs
sec-s-c5fffa613fc0455995d61707a5873d2a,exchange_traded_fund,RWX,SSgA SPDR Dow Jones International Real Estate ETF,NYSE,USD,ETFs
sec-s-f28ea017b9114011aa532bec4ee5009a,exchange_traded_fund,RWO,SSgA SPDR Dow Jones Global Real Estate ETF,NYSE,USD,ETFs
sec-s-712c685171d0495e8b48699a2348273a,exchange_traded_fund,DXD,ProShares UltraShort Dow30,NYSE,USD,
sec-s-b6fe686acf61461c834a258def12a64f,exchange_traded_fund,FGD,First Trust Dow Jones Global Select Dividend Index Fund,NYSE,USD,ETFs
sec-s-1f97960d25e942de852af0b018d22915,exchange_traded_fund,UDOW,ProShares UltraPro Dow30,NYSE,USD,ETFs
sec-s-237d90954c154adcb1fbbd068d19eb1d,exchange_traded_fund,FDN,First Trust Dow Jones Internet Index Fund,NYSE,USD,"Fractional Trading, ETFs"
sec-s-f9c2b11d512e4cbeb8586b21ec4c152f,exchange_traded_fund,SDOW,ProShares UltraPro Short Dow30,NYSE,USD,
sec-s-8c04e9b8305a49e18a6b3c41a3135d43,exchange_traded_fund,SDOG,ALPS Sector Dividend Dogs ETF,NYSE,USD,ETFs
sec-s-311d7a77489941d1b7e774a21323e372,exchange_traded_fund,IDOG,Alps ETF Trust - International Sec Dividend Dog,NYSE,USD,ETFs
sec-s-1d87674c72d64c78ad459bd8f5f70649,exchange_traded_fund,RDOG,ALPS REIT Dividend Dogs ETF,NYSE,USD,ETFs
sec-s-5d2e591c24d440b283dac8bb5a329519,exchange_traded_fund,DRW,Wisdomtree Trust - Glb Ex U.S. Rl Estate,NYSE,USD,ETFs
sec-s-ddc3cd7e83c94ba8933a6e5fe9ba6b75,exchange_traded_fund,DRIP,Direxion Daily S&P Oil & Gas Exp. & Prod. Bear 2X Shares,NYSE,USD,
sec-s-ee4c951010dc4beca70b0de813517c0e,exchange_traded_fund,DTH,WisdomTree International High Dividend Fund,NYSE,USD,ETFs
sec-s-b6db70239bcc45dfb45ed7dfd2281731,exchange_traded_fund,DUG,ProShares UltraShort Oil & Gas,NYSE,USD,ETFs
sec-s-09c8f59f32904ed781367d41a2567954,exchange_traded_fund,EDV,Vanguard Extended Duration Treasury ETF,NYSE,USD,ETFs
sec-s-fd8fff91be4940fcb6040f01c8c971cf,exchange_traded_fund,DVYE,iShares Inc. - Em Markets Dividend ETF,NYSE,USD,ETFs
sec-s-e966978c68b143dfa3438eadf2738cde,exchange_traded_fund,DVYA,BTC iShares Asia/Pacific Dividend ETF,NYSE,USD,ETFs
sec-s-892eced3425c4586aa64426cce16070a,exchange_traded_fund,DWM,Wisdomtree Trust - International Equity Fund,NYSE,USD,ETFs
sec-s-d6ff6e5b609249e49f0353aa34cd2df3,exchange_traded_fund,DWX,SSgA SPDR S&P International Dividend ETF,NYSE,USD,ETFs
sec-s-c1124276871440cea87feb82d567a46d,exchange_traded_fund,DXJ,Wisdomtree Trust - Japn Hedge Equity,NYSE,USD,ETFs
sec-s-b1c4ed2d6a8347c0b1e72ca984c5cec3,exchange_traded_fund,PXJ,Invesco Dynamic Oil & Gas Services ETF,NYSE,USD,
sec-s-a4b797a50dd843ddafcfdff9de3173c2,exchange_traded_fund,PSI,Invesco Dynamic Semiconductors ETF,NYSE,USD,
sec-s-c7d4807690ec4b46be8b3728f5dd311a,exchange_traded_fund,PWC,Invesco Dynamic Market ETF,NYSE,USD,
sec-s-186301bddb4f48cbb539c8594b87013f,exchange_traded_fund,PJP,Invesco Exchange Traded Fund - Dynamic Pharmaceuticals,NYSE,USD,
sec-s-662918d079074c09879ca6f161fc11a8,exchange_traded_fund,PBS,Invesco Dynamic Media ETF,NYSE,USD,
sec-s-a28b4ef36ae34415a0da7a31a41f1e3e,exchange_traded_fund,PXQ,Invesco Dynamic Networking ETF,NYSE,USD,
sec-s-33156afe489944198b047e5d9a5d2c50,exchange_traded_fund,PSJ,Invesco Dynamic Software ETF,NYSE,USD,
sec-s-fc8aed00dd71458986cf329f87639ff2,exchange_traded_fund,PBE,Invesco Dynamic Biotechnology & Genome ETF,NYSE,USD,
sec-s-9afd58a281964dbb8225b376c3a750c2,exchange_traded_fund,REMX,VanEck Vectors Rare Earth/Strategic Metals ETF,NYSE,USD,
sec-s-9b27d77729d9477688dc74002a525f4e,exchange_traded_fund,EFU,ProShares UltraShort MSCI EAFE,NYSE,USD,ETFs
sec-s-e0989fad744647008a9507fee2edfee7,exchange_traded_fund,EPI,WisdomTree India Earnings Fund,NYSE,USD,ETFs
sec-s-b7f12cd139ca44cebb33105128571a3b,exchange_traded_fund,EFZ,ProShares Short MSCI EAFE,NYSE,USD,ETFs
sec-s-d26f44e047614a83a02bb6f9ccb1300f,exchange_traded_fund,EBND,SPDR Bloomberg Barclays Emerging Markets Local Bond ETF,NYSE,USD,
sec-s-007f109365014c9fa6951d5a072ef399,exchange_traded_fund,ECON,Columbia Emerging Markets Consumer ETF,NYSE,USD,ETFs
sec-s-6e958045f6d746c395bf9aca862f1b7c,exchange_traded_fund,EWU,BTC iShares MSCI ed Kingdom ETF,NYSE,USD,ETFs
sec-s-9f6aced51a4b4b2d80f01d54125e0ae5,exchange_traded_fund,USL,ed States 12 Month Oil Fund LP,NYSE,USD,ETFs
sec-s-0d6b50b8f7114370ab29313be1d2204b,exchange_traded_fund,EES,Wisdomtree Trust - U.S. Smallcap Fund,NYSE,USD,ETFs
sec-s-bb23675669b843edbae467e7e9b2be6b,exchange_traded_fund,EELV,Invesco S&P Emerging Markets Low Volatility ETF,NYSE,USD,
sec-s-9cfef9f9f6484c91a56385d2bee3ceac,exchange_traded_fund,EEV,ProShares UltraShort MSCI Emerging Markets,NYSE,USD,
sec-s-8e829e146ba84a5ba6f809f865c4542f,exchange_traded_fund,EEM,BTC iShares MSCI Emerging Markets ETF,NYSE,USD,"Fractional Trading, ETFs"
sec-s-2e0533a7c1e94be19ba6303f41c99aa8,exchange_traded_fund,EGPT,VanEck Vectors Egypt Index ETF,NYSE,USD,ETFs
sec-s-ac177cbf0dce489ea2997fd4bd9ef1bb,exchange_traded_fund,EIRL,iShares MSCI Ireland ETF,NYSE,USD,ETFs
sec-s-4455f26008644669bc947886ecef10df,exchange_traded_fund,EINC,VanEck Vectors Energy Income ETF,NYSE,USD,
sec-s-a1e5d39dcf2b46a084c431079e6b7c47,exchange_traded_fund,EIS,iShares MSCI Israel ETF,NYSE,USD,ETFs
sec-s-595e5882b1f04e7cb88a4847e2d7aff1,exchange_traded_fund,ELD,WisdomTree Emerging Market Local Debt Fund,NYSE,USD,ETFs
sec-s-ba74bac0cd2d45cc96207e4c600b28ab,exchange_traded_fund,EMD,Western Asset Emerging Markets Debt Fund Inc,NYSE,USD,
sec-s-8926c6120c5d4cb68ac85357994b46c2,exchange_traded_fund,EMHC,SPDR Bloomberg Barclays Emerging Markets USD Bond ETF,NYSE,USD,
sec-s-19100d5dd98b43bd8ff9f1d3b60e0d16,exchange_traded_fund,EUM,ProShares Short MSCI Emerging Markets,NYSE,USD,ETFs
sec-s-90a408f3e4284538b669144027b9722f,exchange_traded_fund,TLTE,Flexshares Trust - Mstar Emerging Market Fac,NYSE,USD,ETFs
sec-s-89e2024969f14c938b40acdfa75ed1f0,exchange_traded_fund,PXH,Invesco Capital Management LLC - Invesco FTSE RAFI Emerging Markets ETF,NYSE,USD,
sec-s-198959fb36b8469986281fd7de548bee,exchange_traded_fund,VWO,"Vanguard Group, Inc. - Vanguard FTSE Emerging Markets ETF",NYSE,USD,"Fractional Trading, ETFs"
sec-s-355b9c7401b9463c9e8f121258ffbfb5,exchange_traded_fund,IEMG,iShares Inc. - Core MSCI Emerging Market,NYSE,USD,"Fractional Trading, ETFs"
sec-s-57434991ab964890af133fa4e2158c58,exchange_traded_fund,FLM,First Trust Exchange-Traded Fund II - Global Engineering ETF,NYSE,USD,ETFs
sec-s-9432c4ac033f4beda1688fdc115926c4,exchange_traded_fund,EPU,iShares Trust - MSCI Peru ETF,NYSE,USD,ETFs
sec-s-bf91b39bd2494d14ad7c70e145be7d8e,exchange_traded_fund,EPHE,BTC iShares MSCI Philippines ETF,NYSE,USD,ETFs
sec-s-83c3c53c7bb64374bb1c4ae7609ef861,exchange_traded_fund,EPV,ProShares UltraShort FTSE Europe,NYSE,USD,ETFs
sec-s-dd16065145b4406ca4781bb28a2987ee,exchange_traded_fund,EPOL,iShares MSCI Poland ETF,NYSE,USD,ETFs
sec-s-eec2c209dd354c5a845556ebf5fd4283,exchange_traded_fund,FFR,First Trust FTSE EPRA/NAREIT Developed Markets Real Estate Index Fund,NYSE,USD,ETFs
sec-s-2e62b1254ae14840b4afd049bc1eed44,exchange_traded_fund,EQWL,Invesco Russell Top 200 Equal Weight ETF,NYSE,USD,
sec-s-0eefa0a1b5ab4d8bbfc399d131af4e71,exchange_traded_fund,RSP,Invesco S&P 500 Equal Weight ETF,NYSE,USD,ETFs
sec-s-005fbc7ab3114c2c8c87549cad149701,exchange_traded_fund,VT,Vanguard International Equity - Tt Wrld St ETF,NYSE,USD,ETFs
sec-s-008c74b7586d4bf59eff9572783ef6f9,exchange_traded_fund,FPX,First Trust US Equity Opportunities ETF,NYSE,USD,ETFs
sec-s-b362e66cb99e445db40221592f48875e,exchange_traded_fund,SCHF,Schwab International Equity ETF,NYSE,USD,
sec-s-bb7d12680e10481589e7e3c54e92c8ce,exchange_traded_fund,EWRE,Invesco S&P 500 Equal Weight Real Estate ETF,NYSE,USD,
sec-s-1ee209d482d74b69b0e6b65aa890cec3,exchange_traded_fund,RYE,Invesco S&P 500 Equal Weight Energy ETF,NYSE,USD,
sec-s-391b3cabd77948dd9009b699f0bfbd3d,exchange_traded_fund,HEDJ,WisdomTree Europe Hedged Equity Fund,NYSE,USD,ETFs
sec-s-70c8842412d949a58c62790a983db75f,exchange_traded_fund,JEPI,JP Morgan ETF Trust - Equity Premium Income ETF,NYSE,USD,
sec-s-920ff917cfbc4977b63e4543031e3a30,exchange_traded_fund,RYF,Invesco S&P 500 Equal Weight Financials ETF,NYSE,USD,
sec-s-828ecd16a0e54047b4e031f15bdde320,exchange_traded_fund,RYT,Invesco S&P 500 Equal Weight Technology ETF,NYSE,USD,Fractional Trading
sec-s-4dff72bac0254f4da49c7a3c12de4423,exchange_traded_fund,ERTH,Invesco Exchange Traded Fund - Invesco MSCI Sustainable Future ETF,NYSE,USD,ETFs
sec-s-124dcb86236d4b8ba4f6e418e6ad284b,exchange_traded_fund,SRS,Proshares Trust - UltraShort Real Estate,NYSE,USD,
sec-s-697bf014882c44519a189353359d1e78,exchange_traded_fund,REZ,iShares Residential Real Estate,NYSE,USD,ETFs
sec-s-49afe7d2a4d24b3aa40a1bb88eb218cb,exchange_traded_fund,URE,ProShares Ultra Real Estate,NYSE,USD,ETFs
sec-s-b2aa3a86c4044528879da9e888db80ed,exchange_traded_fund,IYR,iShares Trust - U.S. Real Estate ETF,NYSE,USD,"Fractional Trading, ETFs"
sec-s-b2db7dc9a9cf4883a915d54a409410b0,exchange_traded_fund,SNPE,Xtrackers S&P 500 ESG ETF,NYSE,USD,
sec-s-fb2f173c75c9469e8f57722c9722b28f,exchange_traded_fund,JETS,ESS U.S.Global Jets ETF,NYSE,USD,
sec-s-a9ec50bd0b5c494e89d41d9b7738ed02,exchange_traded_fund,ETHO,FA Etho Climate Leadership U.S. ETF,NYSE,USD,
sec-s-11f2566019e84d02bb6c3f9919a7e812,exchange_traded_fund,SPTS,SPDR Portfolio Short Term Treasury ETF,NYSE,USD,ETFs
sec-s-06c90a32236e471c98a2a1acba3f8fcf,exchange_traded_fund,PVI,Invesco VRDO Tax-Free Weekly ETF,NYSE,USD,
sec-s-03281b9329d349d6919f9c3db0e0560a,exchange_traded_fund,PSK,SSgA SPDR Wells Fargo Preferred Stock ETF,NYSE,USD,ETFs
sec-s-0ce9fe90b58f40b8a89f1cc630d5e84d,exchange_traded_fund,SPUS,SP Funds S&P 500 Sharia Industry Exclusions ETF,NYSE,USD,
sec-s-0213081cef604c69b7ce04074ce01db9,exchange_traded_fund,VXF,Vanguard Extended Market Index ETF,NYSE,USD,ETFs
sec-s-090301710b1544a293fd0df76d38b3cb,exchange_traded_fund,IDX,VanEck Vectors Indonesia Index ETF,NYSE,USD,ETFs
sec-s-f5a49b3655e34121aa45298f8bd36151,exchange_traded_fund,EUO,ProShares UltraShort Euro,NYSE,USD,ETFs
sec-s-5aa287d435f64fa692ef674bcf075b25,exchange_traded_fund,FEZ,SPDR EURO Stoxx 50 ETF,NYSE,USD,ETFs
sec-s-6fde1873d3654371b5c1f37563dd7b26,exchange_traded_fund,IEV,iShares Trust - Europe ETF,NYSE,USD,ETFs
sec-s-eec230cc0786468f95e41fe400027be4,exchange_traded_fund,VGK,Vanguard International Equity - FTSE Europe ETF,NYSE,USD,ETFs
sec-s-c45b2fb882b44c35b345776cc47c91f1,exchange_traded_fund,SPEU,SPDR Portfolio Europe ETF,NYSE,USD,ETFs
sec-s-aa26a4c0486c4432b058fe2dbc11aa22,exchange_traded_fund,ULE,ProShares Ultra Euro,NYSE,USD,ETFs
sec-s-2b1b8f57ca9b44e6bd0e36ea918c2c40,exchange_traded_fund,FDD,First Trust STOXX European Select Dividend Income Fund,NYSE,USD,ETFs
sec-s-97a57ef8a5a04793b828bcc6689d542b,exchange_traded_fund,EWS,iShares MSCI Singapore ETF,NYSE,USD,ETFs
sec-s-d41247064f864e1ca6ae80208c41bf3f,exchange_traded_fund,EWT,iShares MSCI Taiwan ETF,NYSE,USD,ETFs
sec-s-1d328eced2384445a7451c7b87626517,exchange_traded_fund,EWI,iShares MSCI Italy ETF,NYSE,USD,ETFs
sec-s-62f02945368a4503ac87a696a65c6246,exchange_traded_fund,EWV,Proshares Trust - Ultra-Short MSCI Japan,NYSE,USD,ETFs
sec-s-c67d4d2abd05431f97c45ce612abee09,exchange_traded_fund,EWM,BTC iShares MSCI Malaysia ETF,NYSE,USD,ETFs
sec-s-59a03f648bdc4ebd83fa3ecfeb736ef3,exchange_traded_fund,EWD,iShares MSCI Sweden ETF,NYSE,USD,ETFs
sec-s-b14291a980834309b35b1f5bb3b94487,exchange_traded_fund,EWK,iShares MSCI Belgium ETF,NYSE,USD,ETFs
sec-s-0059dcbf7dc44b6db0a0c90584fc44ff,exchange_traded_fund,EWZ,iShares MSCI Brazil ETF,NYSE,USD,ETFs
sec-s-ded5b7cc807942688fbb1954a38dad11,exchange_traded_fund,EWP,iShares MSCI Spain ETF,NYSE,USD,ETFs
sec-s-5756df9397a245578ec2324595c5ffa1,exchange_traded_fund,EWN,iShares Inc. - MSCI Netherlands ETF,NYSE,USD,ETFs
sec-s-063abdb7f4964239a9e8d3f0298ebf76,exchange_traded_fund,EWY,iShares MSCI South Korea ETF,NYSE,USD,ETFs
sec-s-624a29150523426faac800947901187f,exchange_traded_fund,EWW,iShares MSCI Mexico ETF,NYSE,USD,ETFs
sec-s-a37c1eb250d6430dba41ff027d9a3d82,exchange_traded_fund,EWL,iShares MSCI Switzerland ETF,NYSE,USD,ETFs
sec-s-d97fbc9ffeee4f90a7736fccdfcc7378,exchange_traded_fund,EWH,BTC iShares MSCI Hong Kong ETF,NYSE,USD,ETFs
sec-s-7adba6b3b5834f3b8b015e13877fd638,exchange_traded_fund,SPDW,SPDR Portfolio Developed World ex-US ETF,NYSE,USD,ETFs
sec-s-5f088a49b77841aeab1035646b7c0e86,exchange_traded_fund,PXF,Invesco FTSE RAFI Developed Markets ex-U.S. ETF,NYSE,USD,ETFs
sec-s-bef7be44f9eb4a82a828badcded44699,exchange_traded_fund,LCTD,BlackRock World ex U.S. Carbon Transition Readiness ETF,NYSE,USD,
sec-s-3e3068a3c6d04dad8313cdc78f3d6e64,exchange_traded_fund,VEU,"Vanguard Group, Inc. - Vanguard FTSE All-World ex-US ETF",NYSE,USD,"Fractional Trading, ETFs"
sec-s-30a8d5a1f2e94c65925e003f81ad5bd9,exchange_traded_fund,PDN,Invesco Capital Management LLC - Invesco FTSE RAFI Developed Markets ex-U.S. Small-Mid ETF,NYSE,USD,ETFs
sec-s-59214b05150646079b7bad479f59ee38,exchange_traded_fund,EXI,iShares Trust - Global Indstrl ETF,NYSE,USD,ETFs
sec-s-68f930afd2ea41b28cf15ec5abc85970,exchange_traded_fund,PRF,Invesco Exchange Traded Fund - FTSE Rafi 1000,NYSE,USD,
sec-s-26d3e5d61ce24dc3930c5ec89e04c741,exchange_traded_fund,LTPZ,PIMCO 15+ Year U.S. TIPS Index Exchange-Traded Fund,NYSE,USD,
sec-s-d21d699da898458a8519d85e7f2c8f02,exchange_traded_fund,FAN,First Trust Global Wind Energy ETF,NYSE,USD,ETFs
sec-s-97eb72d78e054616a1b0cdb762055852,exchange_traded_fund,FCG,First Trust Natural Gas ETF,NYSE,USD,ETFs
sec-s-641b5adff73a4930ae932f592629d0d2,exchange_traded_fund,MGK,Vanguard World Fd - Mega Grwth Ind,NYSE,USD,"Fractional Trading, ETFs"
sec-s-e3cc3fe041844a6c8106b5fedd3ddb89,exchange_traded_fund,FFTY,Innovator Etfs Trust - IBD 50 ETF,NYSE,USD,ETFs
sec-s-4a8224d5b232485489b7b738cc839113,exchange_traded_fund,FHLC,Fidelity Covington Trust - MSCI Hlth Care I,NYSE,USD,ETFs
sec-s-c240e63526a94abe8f25124d2599d89c,exchange_traded_fund,FIW,First Trust Water ETF,NYSE,USD,ETFs
sec-s-5ada25e28f084a8d8c95eae5b3feb2fe,exchange_traded_fund,IYF,iShares Trust - U.S. Financials ETF,NYSE,USD,ETFs
sec-s-5b8b029bbcf34e95b270b2affb5d0138,exchange_traded_fund,XLF,SSgA Financial Select Sector SPDR,NYSE,USD,ETFs
sec-s-e1277929d61d4c8e9cee5082c3716d10,exchange_traded_fund,FLRN,SPDR Bloomberg Barclays Investment Grade Floating Rate ETF,NYSE,USD,ETFs
sec-s-14cec4d4469c4807b0dc8c27fb3f1845,exchange_traded_fund,MTVR,Fount Metaverse ETF,NYSE,USD,
sec-s-bbe519e32e5a426b93e340a547807e01,exchange_traded_fund,SPYX,SSGA SPDR S&P 500 Fossil Fuel Free ETF,NYSE,USD,ETFs
sec-s-faf50e125e04459a89ebba8a507ef9e8,exchange_traded_fund,FRI,First Trust S&P REIT Index Fund,NYSE,USD,ETFs
sec-s-9c0e5f23c52e4f139bcc1ffebad6852a,exchange_traded_fund,PZA,Invesco National AMT-Free Municipal Bond ETF,NYSE,USD,
sec-s-ef846d3fba2b4a27a2c2341e093947c1,exchange_traded_fund,PZT,Invesco New York AMT-Free Municipal Bond ETF,NYSE,USD,
sec-s-a2ba7224ab2447e48ab5c236fd7dd675,exchange_traded_fund,VPL,Vanguard International Equity - FTSE Pacific ETF,NYSE,USD,ETFs
sec-s-28a2e31df272476d824e5f768802bfc6,exchange_traded_fund,VSS,Vanguard International Equity - FTSE Small-Cap ETF,NYSE,USD,"Fractional Trading, ETFs"
sec-s-1fe242073b1b49188a191f54db7adfbb,exchange_traded_fund,VEA,"Vanguard Group, Inc. - Vanguard FTSE Developed Markets ETF",NYSE,USD,"Fractional Trading, ETFs"
sec-s-9ab9cc44859f4fab8c84be96a3344876,exchange_traded_fund,NORW,Global X FTSE Nordic Region ETF,NYSE,USD,
sec-s-ff050ec0cbb14b50bdd45d337abd1a31,exchange_traded_fund,FXP,ProShares UltraShort FTSE China 50,NYSE,USD,
sec-s-d98552a64f3d4c3e966e61d559c8caea,exchange_traded_fund,YXI,ProShares Short FTSE China 50,NYSE,USD,ETFs
sec-s-d552f461d7df4d4da1773fc94166babe,exchange_traded_fund,XPP,Proshares Trust - Ult FTSE Chin 50,NYSE,USD,ETFs
sec-s-1000d3e6eccb49fe86d2cfa38cd8df3f,exchange_traded_fund,FXL,First Trust Technology AlphaDEX Fund,NYSE,USD,ETFs
sec-s-4c9f422a32f2486c83777e0d8197f1db,exchange_traded_fund,FXZ,First Trust Materials AlphaDEX Fund,NYSE,USD,ETFs
sec-s-89e31f39b13f43b7b7a1dd2e3f26c314,exchange_traded_fund,FXH,First Trust Health Care AlphaDEX Fund,NYSE,USD,ETFs
sec-s-7d8363f9d8324ac28e17e9b30aab4603,exchange_traded_fund,FXU,First Trust Utilities AlphaDEX Fund,NYSE,USD,ETFs
sec-s-7ef8eea5b0cc4a8ea5aca06c01d6ea7c,exchange_traded_fund,FXD,First Trust Consumer Discretionary AlphaDEX Fund,NYSE,USD,ETFs
sec-s-f336a0cc5adf4a9eb338e00ca42e3a2d,exchange_traded_fund,FXG,First Trust Consumer Staples AlphaDEX Fund,NYSE,USD,ETFs
sec-s-3461bb11d33a406fb0bf4665ad6f6284,exchange_traded_fund,FXI,BlackRock Institutional Trust Company N.A. - BTC iShares China Large-Cap ETF,NYSE,USD,ETFs
sec-s-953c426cfa9a4527a00a265298a85536,exchange_traded_fund,GAMR,Wedbush ETFMG Video Game Tech ETF,NYSE,USD,ETFs
sec-s-fccc1a6a54a5441ba8a8ae48097c47b8,exchange_traded_fund,SPGP,Invesco S&P 500 GARP ETF,NYSE,USD,
sec-s-e2561c30a191424a83fac4b704d720bf,exchange_traded_fund,UNG,United States Natural Gas Fund LP - Par,NYSE,USD,ETFs
sec-s-69cb1a736f884595b5f8aff511273a2c,exchange_traded_fund,GBF,iShares Trust - Gov/cred Bond ETF,NYSE,USD,ETFs
sec-s-bd0a73d045024a0a8d47c2c7a8051ea1,exchange_traded_fund,GCC,WisdomTree Enhanced Commodity Strategy Fund,NYSE,USD,
sec-s-bc07fe6c1749413286ff730c4d231c50,exchange_traded_fund,GDX,VanEck ETF Trust - VanEck Gold Miners ETF,NYSE,USD,ETFs
sec-s-c8e8056fbd0e40729d9ff9b592e260d3,exchange_traded_fund,GDXJ,VanEck Vectors Junior Gold Miners ETF,NYSE,USD,ETFs
sec-s-bd45d62036034616a2438a0753b831aa,exchange_traded_fund,SHE,SPDR SSGA Gender Diversity Index ETF,NYSE,USD,ETFs
sec-s-a6300180831b45cc9eb1a612eb8d183c,exchange_traded_fund,GLIN,VanEck Vectors India Growth Leaders ETF,NYSE,USD,ETFs
sec-s-7103876aa452493a8005ac5e3eecc7a6,exchange_traded_fund,GLD,SSgA SPDR Gold Shares,NYSE,USD,"Fractional Trading, ETFs"
sec-s-7142818127ec4eaaa75151b7c50d4d1b,exchange_traded_fund,GLDM,SPDR Gold MiniShares Trust,NYSE,USD,
sec-s-984c26733cdd416bb3c6188c5aae857e,exchange_traded_fund,GLL,ProShares UltraShort Gold,NYSE,USD,ETFs
sec-s-695c2245c9424aa284892947caa4040e,exchange_traded_fund,JXI,iShares Trust - Global Utilities ETF,NYSE,USD,ETFs
sec-s-adc103f20b6d4c0bbe455bcbfbed874d,exchange_traded_fund,GURU,Global X Guru Index ETF,NYSE,USD,ETFs
sec-s-9f8aff3b4c6c4ae5afb826eed7b11fc9,exchange_traded_fund,URA,Global X Uranium ETF,NYSE,USD,ETFs
sec-s-baf1dc92381d4fa4809a454337bd7ddc,exchange_traded_fund,XYLD,Global X S&P 500 Covered Call ETF,NYSE,USD,
sec-s-d07141d46fef48da8a80a7eafd1a8c28,exchange_traded_fund,GMF,SSgA Active Trust - SSgA SPDR S&P Emerging Asia Pacific ETF,NYSE,USD,ETFs
sec-s-eb2f340afc304531ba684b72c050f1b3,exchange_traded_fund,GOEX,Global X Gold Explorers ETF,NYSE,USD,ETFs
sec-s-5a87c301aa36488891ca5dea1d84c1fd,exchange_traded_fund,UGL,ProShares Ultra Gold,NYSE,USD,
sec-s-413bca4175904bad8f44c05bc6a84a33,exchange_traded_fund,GREK,Global X MSCI Greece ETF,NYSE,USD,
sec-s-6a2d9253dcb74ea6af76ac0e44efb1ad,exchange_traded_fund,VB,"Vanguard Group, Inc. - Vanguard Small Cap ETF",NYSE,USD,"Fractional Trading, ETFs"
sec-s-6c30f8f817dc449bb1f67da5636effdc,exchange_traded_fund,VGT,"Vanguard Group, Inc. - Vanguard Information Technology ETF",NYSE,USD,"Fractional Trading, ETFs"
sec-s-b7eb19346f794b78937ccbfcfa62ed2e,exchange_traded_fund,RPG,Invesco S&P 500 Pure Growth ETF,NYSE,USD,Fractional Trading
sec-s-882cdb34fe2e4ea99a12b1b5bfc7691a,exchange_traded_fund,GSG,BTC iShares S&P GSCI Commodity-Indexed Trust,NYSE,USD,ETFs
sec-s-dafc88e5b3f3479fae28548a0f9886b5,exchange_traded_fund,GXG,Global X MSCI Colombia ETF,NYSE,USD,
sec-s-e5ba72c918ad40428ec2472db2750020,exchange_traded_fund,GXC,SSgA Active Trust - SSgA SPDR S&P China ETF,NYSE,USD,ETFs
sec-s-f19c3a02f62e4380b16b1f3136bb2cee,exchange_traded_fund,HAP,VanEck Vectors Natural Resources ETF,NYSE,USD,ETFs
sec-s-5f11ce23f1a641df98678b732470f716,exchange_traded_fund,RXL,ProShares Ultra Health Care,NYSE,USD,ETFs
sec-s-bf0ec58bd6534c40b140af7396b62bd4,exchange_traded_fund,VHT,Vanguard Health Care ETF,NYSE,USD,"Fractional Trading, ETFs"
sec-s-41feecd64b5646ab8e9fc5247942e755,exchange_traded_fund,VYM,"Vanguard Group, Inc. - Vanguard High Dividend Yield Indx ETF",NYSE,USD,ETFs
sec-s-d1958aeb10684860996c212fdb773ea2,exchange_traded_fund,HYLD,High Yield ETF,NYSE,USD,
sec-s-eae8d177e1f9498cb81d2199282c27f5,exchange_traded_fund,SJB,ProShares Short High Yield,NYSE,USD,ETFs
sec-s-c2c1cb449ac44352bce488d7297d7c30,exchange_traded_fund,SPYD,SPDR Portfolio S&P 500 High Dividend ETF,NYSE,USD,
sec-s-ecf32b48f5874ba4b6089c0a4b36c705,exchange_traded_fund,HJEN,Direxion Hydrogen ETF,NYSE,USD,
sec-s-8e2018b9ef13430d9ebc24eb1ff78a91,exchange_traded_fund,HYG,iShares Trust - Iboxx High Yield ETF,NYSE,USD,"Fractional Trading, ETFs"
sec-s-ecb959101a85475faccd316f27c2c9f6,exchange_traded_fund,HYS,Pimco ETF  - 0-5 High Yield,NYSE,USD,ETFs
sec-s-4f67479b2a5c45e796f3227710a351bb,exchange_traded_fund,IAT,BTC iShares U.S. Regional Banks ETF,NYSE,USD,ETFs
sec-s-fe540257b68549bd90b1dcb7b4b75978,exchange_traded_fund,IAU,iShares Gold Trust,NYSE,USD,
sec-s-ecbdfc2481b14ee2aad4b4a4f208222e,exchange_traded_fund,IBND,SPDR Series Trust - Bloomberg International Corporate Bond ETF,NYSE,USD,ETFs
sec-s-25c23815201e426883bed560c1340b88,exchange_traded_fund,IBUY,Amplify Online Retail ETF,NYSE,USD,
sec-s-58b0389da915400a9dce16e4ddc82f94,exchange_traded_fund,IDEV,iShares Core MSCI International Developed Markets ETF,NYSE,USD,
sec-s-1e85d96c97a5479c8b82dba6e2425077,exchange_traded_fund,IDHQ,Invesco S&P International Developed Quality ETF,NYSE,USD,
sec-s-fc475c56f0c14775b5d7ccdcb82557a9,exchange_traded_fund,IDLV,Invesco S&P International Developed Low Volatility ETF,NYSE,USD,
sec-s-ed438168de34461bb8bfc5a40805b07e,exchange_traded_fund,IGM,iShares Expanded Tech Sector ETF,NYSE,USD,ETFs
sec-s-9dd16bd1c7bd432b96b7c5c0a6c6e156,exchange_traded_fund,IHF,iShares Trust - U.S. Healthcare Providers ETF,NYSE,USD,"Fractional Trading, ETFs"
sec-s-0256b23b8a3544dab3a3652fe479323a,exchange_traded_fund,IHI,BTC iShares U.S. Medical Devices ETF,NYSE,USD,"Fractional Trading, ETFs"
sec-s-9aaf4ef969184d4dbda5da0a2c761f99,exchange_traded_fund,IHDG,WisdomTree International Hedged Quality Dividend Growth Fund,NYSE,USD,ETFs
sec-s-c6b16e7decde43cea2deeac467470cc4,exchange_traded_fund,UCO,Proshares Trust Ii - Ultra Bloomberg 2017,NYSE,USD,
sec-s-464d4b83c731460cb6b47213fbb4d427,exchange_traded_fund,RWK,Invesco Exchange Traded Fund Trust II - S&p Mid-Cap 400 Rev,NYSE,USD,ETFs
sec-s-fd06afd04a574b98b2f7fc713bf61402,exchange_traded_fund,IJS,BTC iShares S&P Small-Cap 600 Value ETF,NYSE,USD,ETFs
sec-s-355baf60164849fe8c9f3de9b5dd8fc1,exchange_traded_fund,IJH,BTC iShares Core S&P Mid-Cap ETF,NYSE,USD,"Fractional Trading, ETFs"
sec-s-f9885d88265b45f68d0115fc1fef8f22,exchange_traded_fund,IJJ,BTC iShares S&P Mid-Cap 400 Value ETF,NYSE,USD,ETFs
sec-s-0087ddcbd4024c9fa2f681663729e6b3,exchange_traded_fund,IJK,BTC iShares S&P Mid-Cap 400 Growth ETF,NYSE,USD,"Fractional Trading, ETFs"
sec-s-b41d16c0501341868397f9679c995d66,exchange_traded_fund,ILCV,iShares Morningstar Value ETF,NYSE,USD,ETFs
sec-s-e9da378211204d568d9320b2ad01ed5c,exchange_traded_fund,ILCG,iShares Morningstar Growth ETF,NYSE,USD,"Fractional Trading, ETFs"
sec-s-3295d954f51b405981bb2073e670cbcc,exchange_traded_fund,ILCB,iShares Morningstar U.S. Equity ETF,NYSE,USD,ETFs
sec-s-9b5fcdf39de34692afd323dec4cd15df,exchange_traded_fund,ILTB,iShares Core 10+ Year USD Bond ETF,NYSE,USD,ETFs
sec-s-6320d7ace95743169817a79fc594876f,exchange_traded_fund,ILF,BTC iShares Latin America 40 ETF,NYSE,USD,ETFs
sec-s-b1d7a8b85b47404a9e9ef639d21fe7cc,exchange_traded_fund,IMCB,iShares Morningstar Mid-Cap ETF,NYSE,USD,ETFs
sec-s-26beac0a2a9a433d8aa7176646c7ea37,exchange_traded_fund,IMCG,iShares Morningstar Mid-Cap Growth ETF,NYSE,USD,"Fractional Trading, ETFs"
sec-s-340e103cbf734095adeab26c7e14d254,exchange_traded_fund,NACP,Impact Shares NAACP Minority Empowerment ETF,NYSE,USD,
sec-s-0d9b8c23936d4b43985b00b05820e187,exchange_traded_fund,INDF,Nifty India Financials ETF,NYSE,USD,
sec-s-c0ceab0c65ef4459b51a44b2d5922b3e,exchange_traded_fund,IPAY,ETFMG Prime Mobile Payments ETF,NYSE,USD,ETFs
sec-s-629b1c0da86f4b8a852d9d36cc5da308,exchange_traded_fund,ISCB,iShares Morningstar Small-Cap ETF,NYSE,USD,ETFs
sec-s-19046ef7b8704b9cb5236e661efc9894,exchange_traded_fund,ISCV,iShares Morningstar Small-Cap Value ETF,NYSE,USD,ETFs
sec-s-5e70ca95b8904b7fa8f72d1dc3ede019,exchange_traded_fund,ISRA,VanEck ETF Trust - Vaneck Israel ETF,NYSE,USD,ETFs
sec-s-58247811d4964e68a5fb30d3d7ab1493,exchange_traded_fund,ISCG,iShares Morningstar Small-Cap Growth ETF,NYSE,USD,"Fractional Trading, ETFs"
sec-s-1f2fc527a4b94d3287c8c84fe83de3bc,exchange_traded_fund,IYH,iShares Trust - U.S. Healthcare ETF,NYSE,USD,"Fractional Trading, ETFs"
sec-s-8e3b56f7ae8d4684984518ffaee6ee30,exchange_traded_fund,ITOT,BTC iShares Core S&P Total U.S. Stock Market ETF,NYSE,USD,"Fractional Trading, ETFs"
sec-s-7bf7a56cb8144ac2ba1812962f1415a4,exchange_traded_fund,IVW,BTC iShares S&P 500 Growth ETF,NYSE,USD,"Fractional Trading, ETFs"
sec-s-d9d7f123651348e2b4cb4d7ff947b9e0,exchange_traded_fund,IWM,iShares Trust - Russell 2000 ETF,NYSE,USD,"Fractional Trading, ETFs"
sec-s-bd77ee19360b4555b50bcb9a70c413e7,exchange_traded_fund,IWS,BTC iShares Russell Mid-Cap Value ETF,NYSE,USD,ETFs
sec-s-62a7f84a4c4f43508df66b5453caae7b,exchange_traded_fund,IWB,BTC iShares Russell 1000 ETF,NYSE,USD,"Fractional Trading, ETFs"
sec-s-655d2675781c4ababdd107a11465f571,exchange_traded_fund,IWR,BTC iShares Russell Mid-Cap ETF,NYSE,USD,"Fractional Trading, ETFs"
sec-s-6578df938e22456a9744b7f41fa9fc1b,exchange_traded_fund,IWO,BTC iShares Russell 2000 Growth ETF,NYSE,USD,"Fractional Trading, ETFs"
sec-s-2273314f1a354dcfb9647568ca0b33a7,exchange_traded_fund,IWV,BTC iShares Russell 3000 ETF,NYSE,USD,Fractional Trading
sec-s-3b0dac63040842a3be64e6c865d75acb,exchange_traded_fund,IWD,iShares Trust - Russell 1000 Value ETF,NYSE,USD,ETFs
sec-s-5578deecc69441319922dae9fe640e3f,exchange_traded_fund,IXJ,iShares Trust - Global Healthcare ETF,NYSE,USD,ETFs
sec-s-2e067bb22d4d4e528f0326ee982155f2,exchange_traded_fund,IXP,iShares Global Comm Services ETF,NYSE,USD,ETFs
sec-s-c444a90b4a124fdf93321d9696360359,exchange_traded_fund,IXG,iShares Trust - Global Financials ETF,NYSE,USD,ETFs
sec-s-2f4b83f10fe8486fa9234fd5b1920abe,exchange_traded_fund,IYW,iShares Trust - U.S. Tech ETF,NYSE,USD,ETFs
sec-s-72baf27748ae4f94aa010c0896468744,exchange_traded_fund,IYM,BTC iShares U.S. Basic Materials ETF,NYSE,USD,ETFs
sec-s-f0b6d17642144d549492a06148f5b467,exchange_traded_fund,IYE,iShares Trust - U.S. Energy ETF,NYSE,USD,ETFs
sec-s-1bbb7d6341fd41078b670ec26846e20b,exchange_traded_fund,IYC,BTC iShares U.S. Consumer Services ETF,NYSE,USD,"Fractional Trading, ETFs"
sec-s-aa98f108ca194bcc8e1257d4d66a0319,exchange_traded_fund,RYJ,Invesco Raymond James SB-1 Equity ETF,NYSE,USD,
sec-s-944403dbcf39430d9126b037c81457b3,exchange_traded_fund,KBND,KraneShares Bloomberg Barclays China Bond Inclusion Index ETF,NYSE,USD,ETFs
sec-s-a34008159d2249d5aafcf821ae543679,exchange_traded_fund,KCE,SPDR S&P Capital Markets ETF,NYSE,USD,ETFs
sec-s-1ae256c4068945e68671801aaca0bbb9,exchange_traded_fund,KIE,SPDR S&P Insurance ETF,NYSE,USD,ETFs
sec-s-bc513dfb62634e64a2c8729e2e2fadc7,exchange_traded_fund,TOK,BTC iShares MSCI KLD 400 Social ETF,NYSE,USD,ETFs
sec-s-b57bc963aea94be0844eaa79d2c72a06,exchange_traded_fund,KRBN,Kraneshares  - Global Carbon Strategy ETF,NYSE,USD,
sec-s-cb93def2f4aa4332bb13c898f8bb8eb6,exchange_traded_fund,KRE,SPDR S&P Regional Banking ETF,NYSE,USD,"Fractional Trading, ETFs"
sec-s-7fb1007309aa47a7a0b9dbfd1770a4da,exchange_traded_fund,KSA,iShares MSCI Saudi Arabia ETF,NYSE,USD,
sec-s-9c6b71144ccf48f3a5b80b426acc1c78,exchange_traded_fund,VV,"Vanguard Group, Inc. - Vanguard Large Cap ETF",NYSE,USD,"Fractional Trading, ETFs"
sec-s-8e3c84b28823474987bc4c7c990364d4,exchange_traded_fund,SCHG,Schwab U.S. Large-Cap Growth ETF,NYSE,USD,
sec-s-ef1e46378ddc4984b47f9bcea5bd0cca,exchange_traded_fund,LCTU,BlackRock U.S. Carbon Transition Readiness ETF,NYSE,USD,
sec-s-2e5462d31bd04addad92b1178c9da652,exchange_traded_fund,PST,PowerShares UltraShort Lehman 7-10 + Year Treasury ProShares,NYSE,USD,ETFs
sec-s-b959ae6bb40141a2b3fb4417a0091b4e,exchange_traded_fund,SPTL,SPDR Portfolio Long Term Treasury ETF,NYSE,USD,ETFs
sec-s-f3344d1eabdd49019b02b366e67b2531,exchange_traded_fund,SPLV,Invesco S&P 500 Low Volatility ETF,NYSE,USD,
sec-s-f33d7ac6ac4b4e87bd14f84d3c65141f,exchange_traded_fund,XMLV,Invesco S&P MidCap Low Volatility ETF,NYSE,USD,ETFs
sec-s-4be7e53298b741c6a7f7a4dcada539d6,exchange_traded_fund,MDYG,SSgA SPDR S&P 400 Mid Cap Growth ETF,NYSE,USD,ETFs
sec-s-52892ac8d935444dbf4a8bed12b136c7,exchange_traded_fund,METV,Roundhill Ball Metaverse ETF,NYSE,USD,
sec-s-427e82f900cc41bdb7b689979e297632,exchange_traded_fund,MGC,"Vanguard Group, Inc. - Vanguard Mega Cap 300 Index ETF",NYSE,USD,ETFs
sec-s-51ca67f63c4e421087ca2e7125fe6088,exchange_traded_fund,XMHQ,Invesco S&P MidCap Quality ETF,NYSE,USD,
sec-s-2974b24f5fda4c088a25e6f09a6aa518,exchange_traded_fund,MJ,ETFMG Alternative Harvest ETF,NYSE,USD,ETFs
sec-s-2d646ae4210845bdba932931ae9da411,exchange_traded_fund,MORT,VanEck Vectors Mortgage REIT Income ETF,NYSE,USD,ETFs
sec-s-67aed5e8a26a4f189c5d39d3059217e6,exchange_traded_fund,XSMO,Invesco S&P SmallCap Momentum ETF,NYSE,USD,
sec-s-90d823d06ebb483ca10d0b7f8c37f874,exchange_traded_fund,XSVM,Invesco S&P SmallCap Value with Momentum ETF,NYSE,USD,
sec-s-c3e65eb7b18c4cc984cecd8c0243fb18,exchange_traded_fund,THD,iShares Inc. - MSCI Thailand ETF,NYSE,USD,
sec-s-d9091f03c9bd4d2c9bd3239ee65609dd,exchange_traded_fund,MVV,ProShares Ultra MidCap400,NYSE,USD,ETFs
sec-s-d93255154cb04c939cae1625a3b1e4dd,exchange_traded_fund,MYY,ProShares Short Midcap400,NYSE,USD,
sec-s-9cbcbbe49f2a48469f43e043f1755d1b,exchange_traded_fund,MZZ,ProShares UltraShort MidCap400,NYSE,USD,
sec-s-3a47e5ebfcaf4814bb31f2dc875f4552,exchange_traded_fund,NUSI,Nationwide Risk-Managed Income ETF,NYSE,USD,
sec-s-3b30270604334381bda17194b8aad22e,exchange_traded_fund,SFYX,SoFi Next 500 ETF,NYSE,USD,
sec-s-3ef01d2cf53746719be5c828b28539af,exchange_traded_fund,NFTZ,Defiance Digital Revolution ETF,NYSE,USD,
sec-s-e24a864ffd954576a65eaed4b4efcc93,exchange_traded_fund,NLR,VanEck ETF Trust - Vaneck Uranium + Nuclear Energy ETF,NYSE,USD,ETFs
sec-s-719b0c5c3aee447ba650cde14e769778,exchange_traded_fund,XNTK,SPDR NYSE Technology ETF,NYSE,USD,ETFs
sec-s-83af7975b0f6488789d8d1b7fc4ab503,exchange_traded_fund,OEF,iShares S&P 100 ETF,NYSE,USD,"Fractional Trading, ETFs"
sec-s-bba80526fb4449539609a9bbdcb3e299,exchange_traded_fund,OIH,VanEck ETF Trust - Vaneck Oil Services ETF,NYSE,USD,
sec-s-13c4ee8aeb9d4c86a708fc5b8d711bd1,exchange_traded_fund,USO,United States Oil Fund,NYSE,USD,
sec-s-a14a9101cd734bd0a54433fd08e38588,exchange_traded_fund,PBW,Invesco WilderHill Clean Energy ETF,NYSE,USD,
sec-s-2a4d0d1cfcaa40f1a337ac4b6ab67cc8,exchange_traded_fund,PBD,Invesco Global Clean Energy ETF,NYSE,USD,
sec-s-b2cde4c6d3d847b0973ae4689814b293,exchange_traded_fund,PGF,Invesco Financial Preferred ETF,NYSE,USD,
sec-s-da0254c83ebb482590f3a801ed53e2f8,exchange_traded_fund,PGX,Invesco Preferred ETF,NYSE,USD,
sec-s-6c9bacacfacb43469143e140e907492b,exchange_traded_fund,PIN,Invesco India ETF,NYSE,USD,
sec-s-a8845f65d20a4704923327136cb64a5b,exchange_traded_fund,STPZ,PIMCO 1-5 Year U.S. TIPS Index Exchange-Traded Fund,NYSE,USD,ETFs
sec-s-436855fa93e949f4805fcc99d965cc20,exchange_traded_fund,ZROZ,Pimco ETF  - 25Yr+ Zero U Shares,NYSE,USD,ETFs
sec-s-0bb0c42eb18d49af99e7da59b3eddf03,exchange_traded_fund,SPIB,SPDR Series Trust - Portfolio Intrmd,NYSE,USD,ETFs
sec-s-98443371205245ccac75c212617e14e3,exchange_traded_fund,SPYG,SPDR Portfolio S&P 500 Growth ETF,NYSE,USD,"Fractional Trading, ETFs"
sec-s-cf69bc7945b740fe9a2bfcab5dcb14b1,exchange_traded_fund,SPTM,SPDR Portfolio S&P 1500 Composite Stock Market ETF,NYSE,USD,
sec-s-13054defd7c64c818f7d2685b312c7a5,exchange_traded_fund,TBT,Proshares Trust - Pshs UltraShort 20Yrs,NYSE,USD,ETFs
sec-s-034aa6592bd94655957edace2277a859,exchange_traded_fund,SSG,Proshares Trust - Ultra-Short Semic,NYSE,USD,
sec-s-59598b2cd82c42368ec8d27695d796ce,exchange_traded_fund,SVOL,Simplify Volatility Premium ETF,NYSE,USD,
sec-s-b719d60d637a42aab8102981ab7673bd,exchange_traded_fund,RWM,Proshares Trust - Short Russell2000,NYSE,USD,ETFs
sec-s-bcab6f0ed193479c806dffa2aea6629b,exchange_traded_fund,QID,ProShares UltraShort QQQ,NYSE,USD,
sec-s-a87a2359329d4fc786140c635dceb078,exchange_traded_fund,SSO,ProShares Ultra S&P500,NYSE,USD,"Fractional Trading, ETFs"
sec-s-c7e15b209bc74adc87a92b7ed080656c,exchange_traded_fund,PSP,Invesco Global Listed Private Equity ETF,NYSE,USD,
sec-s-76773da711694e9fb923aae81ee54142,exchange_traded_fund,PSQ,ProShares Short QQQ,NYSE,USD,ETFs
sec-s-8d9e5041aa1d459bb103e48b50ecdbec,exchange_traded_fund,RFV,Invesco S&P MidCap 400 Pure Value ETF,NYSE,USD,
sec-s-4a644d4970dd4801a90ccd9cc672bc64,exchange_traded_fund,RZG,Invesco S&P SmallCap 600 Pure Growth ETF,NYSE,USD,
sec-s-25fa2d6f2a044d2fad5a8476f8f3702e,exchange_traded_fund,RPV,Invesco S&P 500 Pure Value ETF,NYSE,USD,ETFs
sec-s-f1c5955e630f45159ca622081ec2554e,exchange_traded_fund,RFG,Invesco S&P MidCap 400 Pure Growth ETF,NYSE,USD,
sec-s-43bec46016b848a68da080eaa47cc820,exchange_traded_fund,QLD,ProShares Ultra QQQ,NYSE,USD,"Fractional Trading, ETFs"
sec-s-18ecc97ad8334653a2601e8883fc8a7d,exchange_traded_fund,REVS,Columbia Research Enhanced Value ETF,NYSE,USD,
sec-s-7a3a5783be0e42dfbb85bded6ccfc486,exchange_traded_fund,REET,iShares Trust - Global REIT ETF,NYSE,USD,ETFs
sec-s-152854022c4a4ee5b6156b4da0950246,exchange_traded_fund,REW,Proshares Trust - Ultra-Short Tech,NYSE,USD,
sec-s-108787566f0c4ae9ba992d1f86424286,exchange_traded_fund,RGI,Invesco S&P 500 Equal Weight Industrials ETF,NYSE,USD,
sec-s-f38f93976a1c4f718a3e02223ddba379,exchange_traded_fund,RHS,Invesco S&P 500 Equal Weight Consumer Staples ETF,NYSE,USD,
sec-s-9da1313668404e018bae6627458634eb,exchange_traded_fund,ROM,ProShares Ultra Technology,NYSE,USD,ETFs
sec-s-b186f397267e4faeb9ba1b7eb7d39f4c,exchange_traded_fund,RTM,Invesco Exchange Traded Fund - S&p500 Equal Materials,NYSE,USD,
sec-s-00494ebc8e314c16a96c0c1cf3b4fd43,exchange_traded_fund,UWM,ProShares Ultra Russell2000,NYSE,USD,ETFs
sec-s-352a83e7fd0241f8bfff51e802efdb3c,exchange_traded_fund,TWM,ProShares UltraShort Russell2000,NYSE,USD,
sec-s-ff830f725b3645a2a34b4a5980b2cf25,exchange_traded_fund,SRTY,ProShares UltraPro Short Russell2000,NYSE,USD,
sec-s-314bb035bfea4bb0bc0a72b7bbc34d42,exchange_traded_fund,RWL,Invesco S&P 500 Revenue ETF,NYSE,USD,ETFs
sec-s-1d700abd370d4e9e8ec6e6584a83e12a,exchange_traded_fund,RWJ,Invesco S&P SmallCap 600 Revenue ETF,NYSE,USD,ETFs
sec-s-abe00169509d47778105717a262e6187,exchange_traded_fund,RXD,Proshares Trust - Ultra-Short Healthcare,NYSE,USD,
sec-s-bcfb2e599fad41b9a65774b2e5fae332,exchange_traded_fund,RYH,Invesco S&P 500 Equal Weight Health Care ETF,NYSE,USD,Fractional Trading
sec-s-950cf651e026498680018a30109d65e7,exchange_traded_fund,SAA,ProShares Ultra SmallCap600,NYSE,USD,ETFs
sec-s-2ca784fc8ce64799908fd2298a7e8f10,exchange_traded_fund,SBB,ProShares Short SmallCap600,NYSE,USD,ETFs
sec-s-4421a257a19f4604b85ec2669d7bb796,exchange_traded_fund,SBIO,ALPS Medical Breakthroughs ETF,NYSE,USD,ETFs
sec-s-656253291ffe40debf9c1592f1f4e715,exchange_traded_fund,SCHM,Schwab Strategic T - U.S. Mid-cap ETF,NYSE,USD,ETFs
sec-s-f3033753d1d845478f4ff9915a557072,exchange_traded_fund,SCC,ProShares UltraShort Consumer Services,NYSE,USD,
sec-s-892eda6e0dfb4c2caf6d48d50ec82c3b,exchange_traded_fund,SDD,ProShares UltraShort SmallCap600,NYSE,USD,
sec-s-7b0a93b2905647b5a3b1f51b9e818af7,exchange_traded_fund,SDS,Proshares Trust - Ultrashrt S&p500,NYSE,USD,ETFs
sec-s-4d0436e4466b4f26ba99b443d7f1f933,exchange_traded_fund,SDIV,Global X SuperDividend ETF,NYSE,USD,ETFs
sec-s-f408a77815794831a0e38bce21a12e53,exchange_traded_fund,SDP,ProShares UltraShort Utilities,NYSE,USD,
sec-s-94543e4035db4ef4b18d76d3ef9dea4a,exchange_traded_fund,SEF,Proshares Trust - Shares Shtfinl ETF,NYSE,USD,
sec-s-58f19863818840ba9a1b2f96b5536e8a,exchange_traded_fund,XLU,SSgA Utilities Select Sector SPDR,NYSE,USD,"Fractional Trading, ETFs"
sec-s-834d8d49fe2d4db2a743ffec60c79765,exchange_traded_fund,SFYF,Tidal ETF Trust - SoFi Social 50 ETF,NYSE,USD,
sec-s-3bc7bf46ea004b378f56bb219df3085a,exchange_traded_fund,SFY,SoFi Select 500 ETF,NYSE,USD,
sec-s-ccbc8d40478f4a6d9c55328e93c86b51,exchange_traded_fund,SGDM,Sprott Gold Miners ETF,NYSE,USD,ETFs
sec-s-30c0a70434a7402db53b79a72688ef52,exchange_traded_fund,SH,ProShares Short S&P500,NYSE,USD,ETFs
sec-s-9bcf9a6538e14496adec5d0565aaf8f4,exchange_traded_fund,SPXU,ProShares UltraPro Short S&P 500 ETF,NYSE,USD,
sec-s-7fc111f6c1684c719f6f66b00ba72436,exchange_traded_fund,SIL,Global X Funds - Global X Silver,NYSE,USD,ETFs
sec-s-81cee3ea87fe44ea977462113df2ad3c,exchange_traded_fund,SIJ,ProShares UltraShort Industrials,NYSE,USD,
sec-s-7a73b4a17f4f463c85c14fc99197949d,exchange_traded_fund,SJNK,SPDR Bloomberg Barclays Short Term High Yield Bond ETF,NYSE,USD,ETFs
sec-s-bf497125b34b466aa1826d7f6fa84742,exchange_traded_fund,SKF,ProShares UltraShort Financials,NYSE,USD,
sec-s-936c191df27145aaa3264ca9f006b07c,exchange_traded_fund,SLYG,SPDR Series Trust - S&p 600 Small-Cap Growth,NYSE,USD,ETFs
sec-s-18478e486ac847d48deed54ee374975c,exchange_traded_fund,SLX,VanEck Vectors Steel ETF,NYSE,USD,ETFs
sec-s-53770c0ca2eb49ffb11871b4c6e98c09,exchange_traded_fund,SLYV,SSqA SPDR S&P 600 Small Cap Value ETF,NYSE,USD,ETFs
sec-s-35a683fed2f640808dd0f7aeff0a3116,exchange_traded_fund,SLV,iShares Silver Trust - iShares,NYSE,USD,ETFs
sec-s-aa566109303b46bcb83f71b47b3e36cb,exchange_traded_fund,SUSA,iShares Trust - MSCI USA ESG Slc,NYSE,USD,ETFs
sec-s-69afb632f0b1470b91eab12c39566f5b,exchange_traded_fund,SMN,ProShares UltraShort Basic Materials,NYSE,USD,
sec-s-852e49a561f6460487ee002350d07a52,exchange_traded_fund,SMOG,VanEck Vectors Low Carbon Energy ETF,NYSE,USD,ETFs
sec-s-63b8c947674d4db7abf92c0e9e2574e2,exchange_traded_fund,VBK,Vanguard Index Funds - Sml Corporation Growth ETF,NYSE,USD,"Fractional Trading, ETFs"
sec-s-8c0cbc4cdc724492b7fd51e399ef69a0,exchange_traded_fund,SOYB,Teucrium Soybean Fund,NYSE,USD,ETFs
sec-s-3fb62975c7424c7fa3e9caadf1de1e24,exchange_traded_fund,SOXS,Direxion Daily Semiconductor Bear 3X Shares,NYSE,USD,
sec-s-73e3a28a47fc496996fd5960bff71353,exchange_traded_fund,TAN,Invesco Solar ETF,NYSE,USD,Fractional Trading
sec-s-0bfebbde7b544a1e83aabf1d91d0b6a3,exchange_traded_fund,SPRE,SP Funds S&P Global REIT Sharia ETF,NYSE,USD,
sec-s-27167ecbd81140fe9cdc02535f43174d,exchange_traded_fund,SPY,SSGA SPDR S&P 500 ETF,NYSE,USD,"Fractional Trading, ETFs"
sec-s-7bb63ac5dc224be0805a34b7db50ac58,exchange_traded_fund,SPYV,SPDR Series Trust - Prtflo S&p500 Vl,NYSE,USD,ETFs
sec-s-b1ffa6abe3e9488a86698216b8c4784e,exchange_traded_fund,SPLG,SPDR Portfolio S&P 500 ETF,NYSE,USD,ETFs
sec-s-340f49c859d541d1bf3cde3cc1a05615,exchange_traded_fund,SPIP,SPDR Portfolio TIPS ETF,NYSE,USD,
sec-s-41a1cc19aa0e46e79b9c7eee5b2af54d,exchange_traded_fund,SPHD,Invesco S&P 500 High Dividend Low Volatility ETF,NYSE,USD,
sec-s-26a102f4a9d342688915c3f6fce97f03,exchange_traded_fund,SPYC,Simplify US Equity PLUS Convexity ETF,NYSE,USD,
sec-s-b9206ce8dc9b45fb9818b63199ca3c77,exchange_traded_fund,XRT,SSgA SPDR Retail,NYSE,USD,ETFs
sec-s-94110b2790424e76a7802b33fc8151ee,exchange_traded_fund,XLI,SSgA Industrial Select Sector SPDR,NYSE,USD,"Fractional Trading, ETFs"
sec-s-d2a73c11f3384407b9efa7cca8ae7729,exchange_traded_fund,XLV,SSgA Health Care Select Sector SPDR,NYSE,USD,"Fractional Trading, ETFs"
sec-s-f5615fd96d634e72a7a501df34925f3b,exchange_traded_fund,XLY,SSgA Consumer Discretionary Select Sector SPDR,NYSE,USD,"Fractional Trading, ETFs"
sec-s-d56235e305874cd29eac1fc442f25c9c,exchange_traded_fund,XSD,SSgA SPDR Semiconductors,NYSE,USD,"Fractional Trading, ETFs"
sec-s-0d7eae1e7b2d4b8187686ba425223880,exchange_traded_fund,XTN,SSgA SPDR S&P Transportation ETF,NYSE,USD,ETFs
sec-s-615f25efa50c4f17b8c1e34aa95a54f6,exchange_traded_fund,XME,SSgA SPDR Metals & Mining,NYSE,USD,ETFs
sec-s-4fc45bbfd37a4f3caae3bdf542b4e01a,exchange_traded_fund,XLP,SSgA Consumer Staples Select Sector SPDR,NYSE,USD,"Fractional Trading, ETFs"
sec-s-51f309881dbe453ca04cc7b990ce7f6e,exchange_traded_fund,XPH,SSgA SPDR Pharmaceuticals,NYSE,USD,ETFs
sec-s-7fe55c3ce18b454881a74fad426ed844,exchange_traded_fund,XLB,SSgA Materials Select Sector SPDR,NYSE,USD,"Fractional Trading, ETFs"
sec-s-823a63b55de2458e9ce176c3135e7873,exchange_traded_fund,XBI,SSgA SPDR Biotech,NYSE,USD,"Fractional Trading, ETFs"
sec-s-a134e5f50a154179be0b1374f7b94304,exchange_traded_fund,XHB,SSgA Active Trust - SSgA SPDR Homebuilders,NYSE,USD,ETFs
sec-s-82eb5fe5e8b34f99bc4f4d42032bfdc2,exchange_traded_fund,XLK,SSgA Technology Select Sector SPDR,NYSE,USD,"Fractional Trading, ETFs"
sec-s-d66fe2b7074145c181130a3c0761bcc8,exchange_traded_fund,XLE,SSgA Energy Select Sector SPDR,NYSE,USD,"Fractional Trading, ETFs"
sec-s-eee8666b01044614b809e47e72fc3c1f,exchange_traded_fund,XLRE,SSgA Real Estate Select Sector SPDR Fund,NYSE,USD,ETFs
sec-s-82fe8348f9594bcdb2cae79db58c17d0,exchange_traded_fund,STIP,BTC iShares 0-5 Year TIPS Bond ETF,NYSE,USD,ETFs
sec-s-689e2d4d353147708d90dddd80570dad,exchange_traded_fund,TBF,ProShares Short 20+ Year Treasury,NYSE,USD,ETFs
sec-s-efcec03cfdc0454eaddf8ccfe9f061ad,exchange_traded_fund,TGIF,SoFi Weekly Income ETF,NYSE,USD,
sec-s-9525655a677c4f378a229d2b9925772c,exchange_traded_fund,THCX,The Cannabis ETF,NYSE,USD,
sec-s-c30f4b16388549e683f1c471eb73fafd,exchange_traded_fund,TLH,BTC iShares 10-20 Year Treasury Bond ETF,NYSE,USD,ETFs
sec-s-f6b7c0d123ad442f90e2d62e65be232d,exchange_traded_fund,VTI,"Vanguard Group, Inc. - Vanguard Total Stock Market ETF",NYSE,USD,"Fractional Trading, ETFs"
sec-s-05ea85ee116743938a48d5b88a7f8280,exchange_traded_fund,UCC,ProShares Ultra Consumer Services,NYSE,USD,ETFs
sec-s-efeb4ccff5f8499fb070d77d524fb995,exchange_traded_fund,UGE,ProShares Ultra Consumer Goods,NYSE,USD,ETFs
sec-s-f2d586cdd91e48ed889568dfa36cdd06,exchange_traded_fund,UGA,United States Gasoline,NYSE,USD,ETFs
sec-s-9ae5f53747174ecb95d68d4c81058d23,exchange_traded_fund,UPRO,ProShares UltraPro S&P 500 ETF,NYSE,USD,
sec-s-60e7571411304c4eb65dd2a1445f0211,exchange_traded_fund,UYM,ProShares Ultra Basic Materials,NYSE,USD,ETFs
sec-s-b039a2eb2ff34e0cb22d1059d53c03c4,exchange_traded_fund,USD,ProShares Ultra Semiconductors,NYSE,USD,ETFs
sec-s-b36972b9744b4493aafd57f3e5f8b394,exchange_traded_fund,UXI,Proshares Trust - Shares Ultra Industrial,NYSE,USD,ETFs
sec-s-a1a1cf76f04645f7b6762acfa9e49d13,exchange_traded_fund,UYG,ProShares Ultra Financials,NYSE,USD,ETFs
sec-s-8c5c8596cbd445279af0aa10f7a30392,exchange_traded_fund,YCS,ProShares UltraShort Yen,NYSE,USD,ETFs
sec-s-9da9b2b4f700432b8c68a3c5bd30d606,exchange_traded_fund,UPW,ProShares Ultra Utilities,NYSE,USD,ETFs
sec-s-f8b747abeaa1429fb639e0dc1d40d760,exchange_traded_fund,ZSL,ProShares UltraShort Silver,NYSE,USD,
sec-s-773ed4c0af084e24b92a7e1bad398a5e,exchange_traded_fund,UMI,USCF Midstream Energy Income Fund ETF,NYSE,USD,
sec-s-c0154a5ff10d4ecfa7da9e063e8e292d,exchange_traded_fund,URNM,North Shore Global Uranium Mining ETF,NYSE,USD,
sec-s-f29e86c465b043f999319a4508fce5b6,exchange_traded_fund,VEGN,US Vegan Climate ETF,NYSE,USD,
sec-s-694cfe3943894740a6eff868cc443fd2,exchange_traded_fund,VPU,"Vanguard Group, Inc. - Vanguard Utilities ETF",NYSE,USD,ETFs
sec-s-c1f36b6fadca4efabcebb82771499ed0,exchange_traded_fund,VAW,"Vanguard Group, Inc. - Vanguard Materials ETF",NYSE,USD,"Fractional Trading, ETFs"
sec-s-3815601e07874140a804afc7a79d1c9f,exchange_traded_fund,VFH,Vanguard World Funds - Financials ETF,NYSE,USD,ETFs
sec-s-715601c6adf94e94bf4a318ebb01f994,exchange_traded_fund,VIS,"Vanguard Group, Inc. - Vanguard Industrials ETF",NYSE,USD,"Fractional Trading, ETFs"
sec-s-75e75299f66b4f0a8a3332d93bbc1fae,exchange_traded_fund,VO,Vanguard Mid-Cap ETF,NYSE,USD,"Fractional Trading, ETFs"
sec-s-9e299eb29492428eb797bc933386c847,exchange_traded_fund,VBR,Vanguard Index Funds - Small Corporation Value ETF,NYSE,USD,ETFs
sec-s-62e5f38c824e46be844fe1a254237c55,exchange_traded_fund,VDC,"Vanguard Group, Inc. - Vanguard Consumer Staples ETF",NYSE,USD,"Fractional Trading, ETFs"
sec-s-eed3dd56751c4e06b97b93045fcf4014,exchange_traded_fund,VDE,"Vanguard Group, Inc. - Vanguard Energy ETF",NYSE,USD,ETFs
sec-s-f07cafa9fa4647939a091444c7bec989,exchange_traded_fund,VIDI,WisdomTree Vident International Equity Fund,NYSE,USD,ETFs
sec-s-5554afece6a54d76b40e48fffbced31a,exchange_traded_fund,VNQ,Vanguard Index Funds - Real Estate ETF,NYSE,USD,ETFs
sec-s-3269df95face42bdbf56620538ea821c,exchange_traded_fund,VOC,VOC Energy Trust,NYSE,USD,
sec-s-ffb6111549ca4c4497d99346e5f14ac5,exchange_traded_fund,VOT,Vanguard Mid-Cap Growth ETF,NYSE,USD,"Fractional Trading, ETFs"
sec-s-18f4a55dadcd4535b3489e4a4100facf,exchange_traded_fund,VOO,Vanguard S&P 500 ETF,NYSE,USD,Fractional Trading
sec-s-a828f1f8fa7e4705978157059a6682c2,exchange_traded_fund,VOE,"Vanguard Group, Inc. - Vanguard Mid-Cap Value ETF",NYSE,USD,ETFs
sec-s-e4d351103ff146b899b778bcd9e04436,exchange_traded_fund,VOOG,"Vanguard Group, Inc. - Vanguard S&P 500 Growth ETF",NYSE,USD,Fractional Trading
sec-s-0627c6e300494e6e821d33e727f302d9,exchange_traded_fund,VTV,"Vanguard Group, Inc. - Vanguard Value ETF",NYSE,USD,"Fractional Trading, ETFs"
sec-s-febc155a3b354237b4d46a82e0a628f7,exchange_traded_fund,VUG,Vanguard Index Funds - Growth ETF,NYSE,USD,"Fractional Trading, ETFs"
sec-s-da1f244abc6b47b1b73677e0c8a74ec5,exchange_traded_fund,WDIV,SPDR Index Shares Funds - S&p Glbdiv ETF,NYSE,USD,ETFs
sec-s-cd1f246cf9b14baca9c876a39acb5172,exchange_traded_fund,WEAT,Teucrium Wheat Fund,NYSE,USD,ETFs
sec-s-21c88a8c523743de8b63ed404bafb65c,exchange_traded_fund,WIP,SPDR Citi International Government Inflation-Protected Bond ETF,NYSE,USD,ETFs
sec-s-c592dd76349048fc94ab5fcb39583e09,exchange_traded_fund,WTV,WisdomTree U.S. Value Fund,NYSE,USD,ETFs
sec-s-db49b9aa6f954a1793666bb800eb394b,exchange_traded_fund,XMVM,Invesco S&P MidCap Value with Momentum ETF,NYSE,USD,
sec-s-841230d1c35942aaa7d201411715cdf2,exchange_traded_fund,WPS,iShares Trust - International Devppty ETF,NYSE,USD,ETFs
